id_transaccion,fecha,id_cliente,genero,edad,categoria_producto,cantidad,precio_unitario,monto_total,anio,mes,dia,nombre_mes,rango_edad,monto_calculado,diferencia_monto,nivel_compra,es_compra_alta
1,2023-11-24,CUST001,MALE,34,Beauty,3,50,150,2023,11,24,November,Adulto,150,0,Baja,False
2,2023-02-27,CUST002,FEMALE,26,Clothing,2,500,1000,2023,2,27,February,Adulto,1000,0,Alta,True
3,2023-01-13,CUST003,MALE,50,Electronics,1,30,30,2023,1,13,January,Mayor,30,0,Baja,False
4,2023-05-21,CUST004,MALE,37,Clothing,1,500,500,2023,5,21,May,Adulto,500,0,Media,False
5,2023-05-06,CUST005,MALE,30,Beauty,2,50,100,2023,5,6,May,Adulto,100,0,Baja,False
6,2023-04-25,CUST006,FEMALE,45,Beauty,1,30,30,2023,4,25,April,Mayor,30,0,Baja,False
7,2023-03-13,CUST007,MALE,46,Clothing,2,25,50,2023,3,13,March,Mayor,50,0,Baja,False
8,2023-02-22,CUST008,MALE,30,Electronics,4,25,100,2023,2,22,February,Adulto,100,0,Baja,False
9,2023-12-13,CUST009,MALE,63,Electronics,2,300,600,2023,12,13,December,Mayor,600,0,Media,False
10,2023-10-07,CUST010,FEMALE,52,Clothing,4,50,200,2023,10,7,October,Mayor,200,0,Media,False
11,2023-02-14,CUST011,MALE,23,Clothing,2,50,100,2023,2,14,February,Joven,100,0,Baja,False
12,2023-10-30,CUST012,MALE,35,Beauty,3,25,75,2023,10,30,October,Adulto,75,0,Baja,False
13,2023-08-05,CUST013,MALE,22,Electronics,3,500,1500,2023,8,5,August,Joven,1500,0,Alta,True
14,2023-01-17,CUST014,MALE,64,Clothing,4,30,120,2023,1,17,January,Mayor,120,0,Baja,False
15,2023-01-16,CUST015,FEMALE,42,Electronics,4,500,2000,2023,1,16,January,Adulto,2000,0,Alta,True
16,2023-02-17,CUST016,MALE,19,Clothing,3,500,1500,2023,2,17,February,Joven,1500,0,Alta,True
17,2023-04-22,CUST017,FEMALE,27,Clothing,4,25,100,2023,4,22,April,Adulto,100,0,Baja,False
18,2023-04-30,CUST018,FEMALE,47,Electronics,2,25,50,2023,4,30,April,Mayor,50,0,Baja,False
19,2023-09-16,CUST019,FEMALE,62,Clothing,2,25,50,2023,9,16,September,Mayor,50,0,Baja,False
20,2023-11-05,CUST020,MALE,22,Clothing,3,300,900,2023,11,5,November,Joven,900,0,Alta,True
21,2023-01-14,CUST021,FEMALE,50,Beauty,1,500,500,2023,1,14,January,Mayor,500,0,Media,False
22,2023-10-15,CUST022,MALE,18,Clothing,2,50,100,2023,10,15,October,Joven,100,0,Baja,False
23,2023-04-12,CUST023,FEMALE,35,Clothing,4,30,120,2023,4,12,April,Adulto,120,0,Baja,False
24,2023-11-29,CUST024,FEMALE,49,Clothing,1,300,300,2023,11,29,November,Mayor,300,0,Media,False
25,2023-12-26,CUST025,FEMALE,64,Beauty,1,50,50,2023,12,26,December,Mayor,50,0,Baja,False
26,2023-10-07,CUST026,FEMALE,28,Electronics,2,500,1000,2023,10,7,October,Adulto,1000,0,Alta,True
27,2023-08-03,CUST027,FEMALE,38,Beauty,2,25,50,2023,8,3,August,Adulto,50,0,Baja,False
28,2023-04-23,CUST028,FEMALE,43,Beauty,1,500,500,2023,4,23,April,Adulto,500,0,Media,False
29,2023-08-18,CUST029,FEMALE,42,Electronics,1,30,30,2023,8,18,August,Adulto,30,0,Baja,False
30,2023-10-29,CUST030,FEMALE,39,Beauty,3,300,900,2023,10,29,October,Adulto,900,0,Alta,True
31,2023-05-23,CUST031,MALE,44,Electronics,4,300,1200,2023,5,23,May,Adulto,1200,0,Alta,True
32,2023-01-04,CUST032,MALE,30,Beauty,3,30,90,2023,1,4,January,Adulto,90,0,Baja,False
33,2023-03-23,CUST033,FEMALE,50,Electronics,2,50,100,2023,3,23,March,Mayor,100,0,Baja,False
34,2023-12-24,CUST034,FEMALE,51,Clothing,3,50,150,2023,12,24,December,Mayor,150,0,Baja,False
35,2023-08-05,CUST035,FEMALE,58,Beauty,3,300,900,2023,8,5,August,Mayor,900,0,Alta,True
36,2023-06-24,CUST036,MALE,52,Beauty,3,300,900,2023,6,24,June,Mayor,900,0,Alta,True
37,2023-05-23,CUST037,FEMALE,18,Beauty,3,25,75,2023,5,23,May,Joven,75,0,Baja,False
38,2023-03-21,CUST038,MALE,38,Beauty,4,50,200,2023,3,21,March,Adulto,200,0,Media,False
39,2023-04-21,CUST039,MALE,23,Clothing,4,30,120,2023,4,21,April,Joven,120,0,Baja,False
40,2023-06-22,CUST040,MALE,45,Beauty,1,50,50,2023,6,22,June,Mayor,50,0,Baja,False
41,2023-02-22,CUST041,MALE,34,Clothing,2,25,50,2023,2,22,February,Adulto,50,0,Baja,False
42,2023-02-17,CUST042,MALE,22,Clothing,3,300,900,2023,2,17,February,Joven,900,0,Alta,True
43,2023-07-14,CUST043,FEMALE,48,Clothing,1,300,300,2023,7,14,July,Mayor,300,0,Media,False
44,2023-02-19,CUST044,FEMALE,22,Clothing,1,25,25,2023,2,19,February,Joven,25,0,Baja,False
45,2023-07-03,CUST045,FEMALE,55,Electronics,1,30,30,2023,7,3,July,Mayor,30,0,Baja,False
46,2023-06-26,CUST046,FEMALE,20,Electronics,4,300,1200,2023,6,26,June,Joven,1200,0,Alta,True
47,2023-11-06,CUST047,FEMALE,40,Beauty,3,500,1500,2023,11,6,November,Adulto,1500,0,Alta,True
48,2023-05-16,CUST048,MALE,54,Electronics,3,300,900,2023,5,16,May,Mayor,900,0,Alta,True
49,2023-01-23,CUST049,FEMALE,54,Electronics,2,500,1000,2023,1,23,January,Mayor,1000,0,Alta,True
50,2023-08-24,CUST050,FEMALE,27,Beauty,3,25,75,2023,8,24,August,Adulto,75,0,Baja,False
51,2023-10-02,CUST051,MALE,27,Beauty,3,25,75,2023,10,2,October,Adulto,75,0,Baja,False
52,2023-03-05,CUST052,FEMALE,36,Beauty,1,300,300,2023,3,5,March,Adulto,300,0,Media,False
53,2023-07-13,CUST053,MALE,34,Electronics,2,50,100,2023,7,13,July,Adulto,100,0,Baja,False
54,2023-02-10,CUST054,FEMALE,38,Electronics,3,500,1500,2023,2,10,February,Adulto,1500,0,Alta,True
55,2023-10-10,CUST055,MALE,31,Beauty,4,30,120,2023,10,10,October,Adulto,120,0,Baja,False
56,2023-05-31,CUST056,FEMALE,26,Clothing,3,300,900,2023,5,31,May,Adulto,900,0,Alta,True
57,2023-11-18,CUST057,FEMALE,63,Beauty,1,30,30,2023,11,18,November,Mayor,30,0,Baja,False
58,2023-11-13,CUST058,MALE,18,Clothing,4,300,1200,2023,11,13,November,Joven,1200,0,Alta,True
59,2023-07-05,CUST059,MALE,62,Clothing,1,50,50,2023,7,5,July,Mayor,50,0,Baja,False
60,2023-10-23,CUST060,MALE,30,Beauty,3,50,150,2023,10,23,October,Adulto,150,0,Baja,False
61,2023-04-09,CUST061,MALE,21,Beauty,4,50,200,2023,4,9,April,Joven,200,0,Media,False
62,2023-12-27,CUST062,MALE,18,Beauty,2,50,100,2023,12,27,December,Joven,100,0,Baja,False
63,2023-02-05,CUST063,MALE,57,Electronics,2,25,50,2023,2,5,February,Mayor,50,0,Baja,False
64,2023-01-24,CUST064,MALE,49,Clothing,4,25,100,2023,1,24,January,Mayor,100,0,Baja,False
65,2023-12-05,CUST065,MALE,51,Electronics,4,500,2000,2023,12,5,December,Mayor,2000,0,Alta,True
66,2023-04-27,CUST066,FEMALE,45,Electronics,1,30,30,2023,4,27,April,Mayor,30,0,Baja,False
67,2023-05-29,CUST067,FEMALE,48,Beauty,4,300,1200,2023,5,29,May,Mayor,1200,0,Alta,True
68,2023-02-10,CUST068,MALE,25,Electronics,1,300,300,2023,2,10,February,Adulto,300,0,Media,False
69,2023-04-30,CUST069,FEMALE,56,Beauty,3,25,75,2023,4,30,April,Mayor,75,0,Baja,False
70,2023-02-21,CUST070,FEMALE,43,Clothing,1,300,300,2023,2,21,February,Adulto,300,0,Media,False
71,2023-07-14,CUST071,FEMALE,51,Beauty,4,25,100,2023,7,14,July,Mayor,100,0,Baja,False
72,2023-05-23,CUST072,FEMALE,20,Electronics,4,500,2000,2023,5,23,May,Joven,2000,0,Alta,True
73,2023-08-21,CUST073,MALE,29,Electronics,3,30,90,2023,8,21,August,Adulto,90,0,Baja,False
74,2023-11-22,CUST074,FEMALE,18,Beauty,4,500,2000,2023,11,22,November,Joven,2000,0,Alta,True
75,2023-07-06,CUST075,MALE,61,Beauty,4,50,200,2023,7,6,July,Mayor,200,0,Media,False
76,2023-03-25,CUST076,FEMALE,22,Electronics,2,50,100,2023,3,25,March,Joven,100,0,Baja,False
77,2023-07-09,CUST077,FEMALE,47,Clothing,2,50,100,2023,7,9,July,Mayor,100,0,Baja,False
78,2023-07-01,CUST078,FEMALE,47,Clothing,3,500,1500,2023,7,1,July,Mayor,1500,0,Alta,True
79,2023-04-18,CUST079,MALE,34,Beauty,1,300,300,2023,4,18,April,Adulto,300,0,Media,False
80,2023-12-10,CUST080,FEMALE,64,Clothing,2,30,60,2023,12,10,December,Mayor,60,0,Baja,False
81,2023-05-17,CUST081,MALE,40,Electronics,1,50,50,2023,5,17,May,Adulto,50,0,Baja,False
82,2023-12-26,CUST082,FEMALE,32,Beauty,4,50,200,2023,12,26,December,Adulto,200,0,Media,False
83,2023-12-16,CUST083,MALE,54,Electronics,2,50,100,2023,12,16,December,Mayor,100,0,Baja,False
84,2023-11-28,CUST084,FEMALE,38,Electronics,3,30,90,2023,11,28,November,Adulto,90,0,Baja,False
85,2023-02-06,CUST085,MALE,31,Clothing,3,50,150,2023,2,6,February,Adulto,150,0,Baja,False
86,2023-11-08,CUST086,MALE,19,Beauty,3,30,90,2023,11,8,November,Joven,90,0,Baja,False
87,2023-11-22,CUST087,FEMALE,28,Beauty,2,50,100,2023,11,22,November,Adulto,100,0,Baja,False
88,2023-03-29,CUST088,MALE,56,Clothing,1,500,500,2023,3,29,March,Mayor,500,0,Media,False
89,2023-10-01,CUST089,FEMALE,55,Electronics,4,500,2000,2023,10,1,October,Mayor,2000,0,Alta,True
90,2023-05-06,CUST090,FEMALE,51,Electronics,1,30,30,2023,5,6,May,Mayor,30,0,Baja,False
91,2023-03-25,CUST091,FEMALE,55,Electronics,1,500,500,2023,3,25,March,Mayor,500,0,Media,False
92,2023-08-25,CUST092,FEMALE,51,Electronics,4,30,120,2023,8,25,August,Mayor,120,0,Baja,False
93,2023-07-14,CUST093,FEMALE,35,Beauty,4,500,2000,2023,7,14,July,Adulto,2000,0,Alta,True
94,2023-05-19,CUST094,FEMALE,47,Beauty,2,500,1000,2023,5,19,May,Mayor,1000,0,Alta,True
95,2023-11-24,CUST095,FEMALE,32,Clothing,2,30,60,2023,11,24,November,Adulto,60,0,Baja,False
96,2023-12-19,CUST096,FEMALE,44,Clothing,2,300,600,2023,12,19,December,Adulto,600,0,Media,False
97,2023-10-13,CUST097,FEMALE,51,Beauty,2,500,1000,2023,10,13,October,Mayor,1000,0,Alta,True
98,2023-04-23,CUST098,FEMALE,55,Beauty,2,50,100,2023,4,23,April,Mayor,100,0,Baja,False
99,2023-12-17,CUST099,FEMALE,50,Electronics,4,300,1200,2023,12,17,December,Mayor,1200,0,Alta,True
100,2023-06-16,CUST100,MALE,41,Electronics,1,30,30,2023,6,16,June,Adulto,30,0,Baja,False
101,2023-01-29,CUST101,MALE,32,Clothing,2,300,600,2023,1,29,January,Adulto,600,0,Media,False
102,2023-04-28,CUST102,FEMALE,47,Beauty,2,25,50,2023,4,28,April,Mayor,50,0,Baja,False
103,2023-01-17,CUST103,FEMALE,59,Clothing,1,25,25,2023,1,17,January,Mayor,25,0,Baja,False
104,2023-06-11,CUST104,FEMALE,34,Beauty,2,500,1000,2023,6,11,June,Adulto,1000,0,Alta,True
105,2023-07-25,CUST105,FEMALE,22,Electronics,1,500,500,2023,7,25,July,Joven,500,0,Media,False
106,2023-05-18,CUST106,FEMALE,46,Clothing,1,50,50,2023,5,18,May,Mayor,50,0,Baja,False
107,2023-02-03,CUST107,FEMALE,21,Clothing,4,300,1200,2023,2,3,February,Joven,1200,0,Alta,True
108,2023-04-19,CUST108,FEMALE,27,Beauty,3,25,75,2023,4,19,April,Adulto,75,0,Baja,False
109,2023-10-18,CUST109,FEMALE,34,Electronics,4,500,2000,2023,10,18,October,Adulto,2000,0,Alta,True
110,2023-06-11,CUST110,MALE,27,Clothing,3,300,900,2023,6,11,June,Adulto,900,0,Alta,True
111,2023-04-19,CUST111,FEMALE,34,Electronics,3,500,1500,2023,4,19,April,Adulto,1500,0,Alta,True
112,2023-12-02,CUST112,MALE,37,Clothing,3,500,1500,2023,12,2,December,Adulto,1500,0,Alta,True
113,2023-09-13,CUST113,FEMALE,41,Electronics,2,25,50,2023,9,13,September,Adulto,50,0,Baja,False
114,2023-07-22,CUST114,FEMALE,22,Beauty,4,25,100,2023,7,22,July,Joven,100,0,Baja,False
115,2023-11-26,CUST115,MALE,51,Clothing,3,500,1500,2023,11,26,November,Mayor,1500,0,Alta,True
116,2023-08-23,CUST116,FEMALE,23,Clothing,1,30,30,2023,8,23,August,Joven,30,0,Baja,False
117,2023-03-15,CUST117,MALE,19,Electronics,2,500,1000,2023,3,15,March,Joven,1000,0,Alta,True
118,2023-05-16,CUST118,FEMALE,30,Electronics,4,500,2000,2023,5,16,May,Adulto,2000,0,Alta,True
119,2023-03-13,CUST119,FEMALE,60,Clothing,3,50,150,2023,3,13,March,Mayor,150,0,Baja,False
120,2023-05-07,CUST120,MALE,60,Beauty,1,50,50,2023,5,7,May,Mayor,50,0,Baja,False
121,2023-10-15,CUST121,FEMALE,28,Electronics,4,50,200,2023,10,15,October,Adulto,200,0,Media,False
122,2023-10-03,CUST122,MALE,64,Electronics,4,30,120,2023,10,3,October,Mayor,120,0,Baja,False
123,2023-05-15,CUST123,FEMALE,40,Electronics,2,30,60,2023,5,15,May,Adulto,60,0,Baja,False
124,2023-10-27,CUST124,MALE,33,Clothing,4,500,2000,2023,10,27,October,Adulto,2000,0,Alta,True
125,2023-08-08,CUST125,MALE,48,Clothing,2,50,100,2023,8,8,August,Mayor,100,0,Baja,False
126,2023-10-26,CUST126,FEMALE,28,Clothing,3,30,90,2023,10,26,October,Adulto,90,0,Baja,False
127,2023-07-24,CUST127,FEMALE,33,Clothing,2,25,50,2023,7,24,July,Adulto,50,0,Baja,False
128,2023-07-05,CUST128,MALE,25,Beauty,1,500,500,2023,7,5,July,Adulto,500,0,Media,False
129,2023-04-23,CUST129,FEMALE,21,Beauty,2,300,600,2023,4,23,April,Joven,600,0,Media,False
130,2023-03-12,CUST130,FEMALE,57,Clothing,1,500,500,2023,3,12,March,Mayor,500,0,Media,False
131,2023-09-18,CUST131,FEMALE,21,Beauty,2,300,600,2023,9,18,September,Joven,600,0,Media,False
132,2023-09-10,CUST132,MALE,42,Electronics,4,50,200,2023,9,10,September,Adulto,200,0,Media,False
133,2023-02-16,CUST133,MALE,20,Electronics,3,300,900,2023,2,16,February,Joven,900,0,Alta,True
134,2023-01-25,CUST134,MALE,49,Electronics,1,50,50,2023,1,25,January,Mayor,50,0,Baja,False
135,2023-02-26,CUST135,MALE,20,Clothing,2,25,50,2023,2,26,February,Joven,50,0,Baja,False
136,2023-03-20,CUST136,MALE,44,Electronics,2,300,600,2023,3,20,March,Adulto,600,0,Media,False
137,2023-11-18,CUST137,MALE,46,Beauty,2,500,1000,2023,11,18,November,Mayor,1000,0,Alta,True
138,2023-03-23,CUST138,MALE,49,Clothing,4,50,200,2023,3,23,March,Mayor,200,0,Media,False
139,2023-12-15,CUST139,MALE,36,Beauty,4,500,2000,2023,12,15,December,Adulto,2000,0,Alta,True
140,2023-08-05,CUST140,MALE,38,Electronics,1,30,30,2023,8,5,August,Adulto,30,0,Baja,False
141,2023-11-02,CUST141,FEMALE,22,Electronics,1,50,50,2023,11,2,November,Joven,50,0,Baja,False
142,2023-02-02,CUST142,MALE,35,Electronics,4,300,1200,2023,2,2,February,Adulto,1200,0,Alta,True
143,2023-07-17,CUST143,FEMALE,45,Clothing,1,50,50,2023,7,17,July,Mayor,50,0,Baja,False
144,2023-07-15,CUST144,FEMALE,59,Beauty,3,500,1500,2023,7,15,July,Mayor,1500,0,Alta,True
145,2023-11-02,CUST145,FEMALE,39,Clothing,3,25,75,2023,11,2,November,Adulto,75,0,Baja,False
146,2023-08-28,CUST146,MALE,38,Clothing,4,50,200,2023,8,28,August,Adulto,200,0,Media,False
147,2023-09-28,CUST147,MALE,23,Electronics,1,300,300,2023,9,28,September,Joven,300,0,Media,False
148,2023-05-09,CUST148,MALE,18,Clothing,2,30,60,2023,5,9,May,Joven,60,0,Baja,False
149,2023-10-11,CUST149,MALE,22,Clothing,3,25,75,2023,10,11,October,Joven,75,0,Baja,False
150,2023-01-06,CUST150,FEMALE,58,Electronics,4,30,120,2023,1,6,January,Mayor,120,0,Baja,False
151,2023-12-15,CUST151,MALE,29,Clothing,1,50,50,2023,12,15,December,Adulto,50,0,Baja,False
152,2023-02-28,CUST152,MALE,43,Electronics,4,500,2000,2023,2,28,February,Adulto,2000,0,Alta,True
153,2023-12-16,CUST153,MALE,63,Electronics,2,500,1000,2023,12,16,December,Mayor,1000,0,Alta,True
154,2023-10-02,CUST154,MALE,51,Electronics,3,300,900,2023,10,2,October,Mayor,900,0,Alta,True
155,2023-05-17,CUST155,MALE,31,Electronics,4,500,2000,2023,5,17,May,Adulto,2000,0,Alta,True
156,2023-11-25,CUST156,FEMALE,43,Clothing,4,25,100,2023,11,25,November,Adulto,100,0,Baja,False
157,2023-06-24,CUST157,MALE,62,Electronics,4,500,2000,2023,6,24,June,Mayor,2000,0,Alta,True
158,2023-02-27,CUST158,FEMALE,44,Electronics,2,300,600,2023,2,27,February,Adulto,600,0,Media,False
159,2023-05-31,CUST159,MALE,26,Clothing,4,50,200,2023,5,31,May,Adulto,200,0,Media,False
160,2023-08-11,CUST160,FEMALE,43,Clothing,2,50,100,2023,8,11,August,Adulto,100,0,Baja,False
161,2023-03-22,CUST161,MALE,64,Beauty,2,500,1000,2023,3,22,March,Mayor,1000,0,Alta,True
162,2023-08-21,CUST162,MALE,39,Clothing,2,30,60,2023,8,21,August,Adulto,60,0,Baja,False
163,2023-01-02,CUST163,FEMALE,64,Clothing,3,50,150,2023,1,2,January,Mayor,150,0,Baja,False
164,2023-05-15,CUST164,FEMALE,47,Beauty,3,500,1500,2023,5,15,May,Mayor,1500,0,Alta,True
165,2023-09-14,CUST165,FEMALE,60,Clothing,4,300,1200,2023,9,14,September,Mayor,1200,0,Alta,True
166,2023-04-02,CUST166,MALE,34,Clothing,4,500,2000,2023,4,2,April,Adulto,2000,0,Alta,True
167,2023-09-17,CUST167,FEMALE,43,Clothing,3,50,150,2023,9,17,September,Adulto,150,0,Baja,False
168,2023-02-24,CUST168,MALE,53,Clothing,1,300,300,2023,2,24,February,Mayor,300,0,Media,False
169,2023-11-17,CUST169,MALE,18,Beauty,3,500,1500,2023,11,17,November,Joven,1500,0,Alta,True
170,2023-06-02,CUST170,FEMALE,25,Clothing,2,25,50,2023,6,2,June,Adulto,50,0,Baja,False
171,2023-11-24,CUST171,FEMALE,52,Clothing,3,300,900,2023,11,24,November,Mayor,900,0,Alta,True
172,2023-09-17,CUST172,MALE,32,Beauty,2,25,50,2023,9,17,September,Adulto,50,0,Baja,False
173,2023-11-08,CUST173,MALE,64,Electronics,4,30,120,2023,11,8,November,Mayor,120,0,Baja,False
174,2023-04-12,CUST174,FEMALE,39,Beauty,1,300,300,2023,4,12,April,Adulto,300,0,Media,False
175,2023-03-20,CUST175,FEMALE,31,Electronics,4,25,100,2023,3,20,March,Adulto,100,0,Baja,False
176,2023-07-11,CUST176,FEMALE,43,Beauty,2,50,100,2023,7,11,July,Adulto,100,0,Baja,False
177,2023-03-24,CUST177,MALE,45,Beauty,2,50,100,2023,3,24,March,Mayor,100,0,Baja,False
178,2023-10-04,CUST178,MALE,40,Clothing,2,30,60,2023,10,4,October,Adulto,60,0,Baja,False
179,2023-09-29,CUST179,MALE,31,Electronics,1,300,300,2023,9,29,September,Adulto,300,0,Media,False
180,2023-01-01,CUST180,MALE,41,Clothing,3,300,900,2023,1,1,January,Adulto,900,0,Alta,True
181,2023-11-03,CUST181,MALE,19,Electronics,4,300,1200,2023,11,3,November,Joven,1200,0,Alta,True
182,2023-06-15,CUST182,MALE,62,Beauty,4,30,120,2023,6,15,June,Mayor,120,0,Baja,False
183,2023-09-08,CUST183,FEMALE,43,Beauty,3,300,900,2023,9,8,September,Adulto,900,0,Alta,True
184,2023-01-10,CUST184,MALE,31,Electronics,4,50,200,2023,1,10,January,Adulto,200,0,Media,False
185,2023-02-27,CUST185,MALE,24,Clothing,1,25,25,2023,2,27,February,Joven,25,0,Baja,False
186,2023-07-05,CUST186,MALE,20,Clothing,4,50,200,2023,7,5,July,Joven,200,0,Media,False
187,2023-06-07,CUST187,FEMALE,64,Clothing,2,50,100,2023,6,7,June,Mayor,100,0,Baja,False
188,2023-05-03,CUST188,MALE,40,Clothing,3,25,75,2023,5,3,May,Adulto,75,0,Baja,False
189,2023-01-30,CUST189,MALE,63,Beauty,1,50,50,2023,1,30,January,Mayor,50,0,Baja,False
190,2023-05-04,CUST190,FEMALE,60,Beauty,3,30,90,2023,5,4,May,Mayor,90,0,Baja,False
191,2023-10-18,CUST191,MALE,64,Beauty,1,25,25,2023,10,18,October,Mayor,25,0,Baja,False
192,2023-02-10,CUST192,MALE,62,Beauty,2,50,100,2023,2,10,February,Mayor,100,0,Baja,False
193,2023-02-13,CUST193,MALE,35,Beauty,3,500,1500,2023,2,13,February,Adulto,1500,0,Alta,True
194,2023-09-06,CUST194,MALE,55,Clothing,4,50,200,2023,9,6,September,Mayor,200,0,Media,False
195,2023-02-05,CUST195,MALE,52,Clothing,1,30,30,2023,2,5,February,Mayor,30,0,Baja,False
196,2023-09-30,CUST196,FEMALE,32,Clothing,3,300,900,2023,9,30,September,Adulto,900,0,Alta,True
197,2023-03-06,CUST197,FEMALE,42,Clothing,4,50,200,2023,3,6,March,Adulto,200,0,Media,False
198,2023-03-07,CUST198,FEMALE,54,Beauty,3,300,900,2023,3,7,March,Mayor,900,0,Alta,True
199,2023-12-04,CUST199,MALE,45,Beauty,3,500,1500,2023,12,4,December,Mayor,1500,0,Alta,True
200,2023-09-01,CUST200,MALE,27,Beauty,3,50,150,2023,9,1,September,Adulto,150,0,Baja,False
201,2023-10-09,CUST201,MALE,56,Electronics,1,25,25,2023,10,9,October,Mayor,25,0,Baja,False
202,2023-03-26,CUST202,FEMALE,34,Clothing,4,300,1200,2023,3,26,March,Adulto,1200,0,Alta,True
203,2023-05-16,CUST203,MALE,56,Clothing,2,500,1000,2023,5,16,May,Mayor,1000,0,Alta,True
204,2023-09-28,CUST204,MALE,39,Beauty,1,25,25,2023,9,28,September,Adulto,25,0,Baja,False
205,2023-11-07,CUST205,FEMALE,43,Clothing,1,25,25,2023,11,7,November,Adulto,25,0,Baja,False
206,2023-08-05,CUST206,MALE,61,Clothing,1,25,25,2023,8,5,August,Mayor,25,0,Baja,False
207,2023-04-19,CUST207,FEMALE,42,Beauty,2,25,50,2023,4,19,April,Adulto,50,0,Baja,False
208,2023-10-04,CUST208,FEMALE,34,Electronics,4,50,200,2023,10,4,October,Adulto,200,0,Media,False
209,2023-12-20,CUST209,FEMALE,30,Electronics,4,50,200,2023,12,20,December,Adulto,200,0,Media,False
210,2023-04-13,CUST210,MALE,37,Electronics,4,50,200,2023,4,13,April,Adulto,200,0,Media,False
211,2024-01-01,CUST211,MALE,42,Beauty,3,500,1500,2024,1,1,January,Adulto,1500,0,Alta,True
212,2023-06-09,CUST212,MALE,21,Clothing,3,500,1500,2023,6,9,June,Joven,1500,0,Alta,True
213,2023-07-24,CUST213,MALE,27,Beauty,3,500,1500,2023,7,24,July,Adulto,1500,0,Alta,True
214,2023-12-10,CUST214,MALE,20,Beauty,2,30,60,2023,12,10,December,Joven,60,0,Baja,False
215,2023-11-29,CUST215,MALE,58,Clothing,3,500,1500,2023,11,29,November,Mayor,1500,0,Alta,True
216,2023-07-11,CUST216,MALE,62,Electronics,2,50,100,2023,7,11,July,Mayor,100,0,Baja,False
217,2023-08-13,CUST217,FEMALE,35,Electronics,4,50,200,2023,8,13,August,Adulto,200,0,Media,False
218,2023-09-22,CUST218,MALE,64,Beauty,3,30,90,2023,9,22,September,Mayor,90,0,Baja,False
219,2023-08-20,CUST219,FEMALE,53,Electronics,3,30,90,2023,8,20,August,Mayor,90,0,Baja,False
220,2023-03-03,CUST220,MALE,64,Beauty,1,500,500,2023,3,3,March,Mayor,500,0,Media,False
221,2023-05-07,CUST221,MALE,39,Beauty,2,300,600,2023,5,7,May,Adulto,600,0,Media,False
222,2023-04-26,CUST222,MALE,51,Clothing,4,30,120,2023,4,26,April,Mayor,120,0,Baja,False
223,2023-02-02,CUST223,FEMALE,64,Clothing,1,25,25,2023,2,2,February,Mayor,25,0,Baja,False
224,2023-06-23,CUST224,FEMALE,25,Clothing,1,50,50,2023,6,23,June,Adulto,50,0,Baja,False
225,2023-01-11,CUST225,FEMALE,57,Beauty,4,25,100,2023,1,11,January,Mayor,100,0,Baja,False
226,2023-10-29,CUST226,FEMALE,61,Clothing,1,50,50,2023,10,29,October,Mayor,50,0,Baja,False
227,2023-10-11,CUST227,MALE,36,Electronics,2,50,100,2023,10,11,October,Adulto,100,0,Baja,False
228,2023-04-28,CUST228,FEMALE,59,Electronics,2,30,60,2023,4,28,April,Mayor,60,0,Baja,False
229,2023-10-29,CUST229,MALE,58,Beauty,3,30,90,2023,10,29,October,Mayor,90,0,Baja,False
230,2023-04-23,CUST230,MALE,54,Beauty,1,25,25,2023,4,23,April,Mayor,25,0,Baja,False
231,2023-01-04,CUST231,FEMALE,23,Clothing,3,50,150,2023,1,4,January,Joven,150,0,Baja,False
232,2023-02-06,CUST232,FEMALE,43,Beauty,1,25,25,2023,2,6,February,Adulto,25,0,Baja,False
233,2023-12-29,CUST233,FEMALE,51,Beauty,2,300,600,2023,12,29,December,Mayor,600,0,Media,False
234,2023-11-20,CUST234,FEMALE,62,Electronics,2,25,50,2023,11,20,November,Mayor,50,0,Baja,False
235,2023-01-31,CUST235,FEMALE,23,Electronics,2,500,1000,2023,1,31,January,Joven,1000,0,Alta,True
236,2023-04-28,CUST236,FEMALE,54,Clothing,1,25,25,2023,4,28,April,Mayor,25,0,Baja,False
237,2023-02-04,CUST237,FEMALE,50,Beauty,2,500,1000,2023,2,4,February,Mayor,1000,0,Alta,True
238,2023-01-17,CUST238,FEMALE,39,Beauty,1,500,500,2023,1,17,January,Adulto,500,0,Media,False
239,2023-06-19,CUST239,MALE,38,Electronics,3,500,1500,2023,6,19,June,Adulto,1500,0,Alta,True
240,2023-02-06,CUST240,FEMALE,23,Beauty,1,300,300,2023,2,6,February,Joven,300,0,Media,False
241,2023-09-21,CUST241,FEMALE,23,Electronics,3,25,75,2023,9,21,September,Joven,75,0,Baja,False
242,2023-05-02,CUST242,MALE,21,Clothing,1,25,25,2023,5,2,May,Joven,25,0,Baja,False
243,2023-05-23,CUST243,FEMALE,47,Electronics,3,300,900,2023,5,23,May,Mayor,900,0,Alta,True
244,2023-12-09,CUST244,MALE,28,Beauty,2,50,100,2023,12,9,December,Adulto,100,0,Baja,False
245,2023-09-06,CUST245,MALE,47,Clothing,3,30,90,2023,9,6,September,Mayor,90,0,Baja,False
246,2023-04-20,CUST246,FEMALE,48,Electronics,2,25,50,2023,4,20,April,Mayor,50,0,Baja,False
247,2023-10-04,CUST247,MALE,41,Electronics,2,30,60,2023,10,4,October,Adulto,60,0,Baja,False
248,2023-03-09,CUST248,MALE,26,Clothing,3,300,900,2023,3,9,March,Adulto,900,0,Alta,True
249,2023-10-20,CUST249,MALE,20,Clothing,1,50,50,2023,10,20,October,Joven,50,0,Baja,False
250,2023-10-23,CUST250,MALE,48,Electronics,1,50,50,2023,10,23,October,Mayor,50,0,Baja,False
251,2023-08-31,CUST251,FEMALE,57,Beauty,4,50,200,2023,8,31,August,Mayor,200,0,Media,False
252,2023-05-05,CUST252,MALE,54,Electronics,1,300,300,2023,5,5,May,Mayor,300,0,Media,False
253,2023-08-31,CUST253,FEMALE,53,Clothing,4,500,2000,2023,8,31,August,Mayor,2000,0,Alta,True
254,2023-07-28,CUST254,MALE,41,Electronics,1,500,500,2023,7,28,July,Adulto,500,0,Media,False
255,2023-04-08,CUST255,MALE,48,Clothing,1,30,30,2023,4,8,April,Mayor,30,0,Baja,False
256,2023-02-18,CUST256,MALE,23,Clothing,2,500,1000,2023,2,18,February,Joven,1000,0,Alta,True
257,2023-02-19,CUST257,MALE,19,Beauty,4,500,2000,2023,2,19,February,Joven,2000,0,Alta,True
258,2023-12-04,CUST258,FEMALE,37,Clothing,1,50,50,2023,12,4,December,Adulto,50,0,Baja,False
259,2023-08-09,CUST259,FEMALE,45,Clothing,4,50,200,2023,8,9,August,Mayor,200,0,Media,False
260,2023-07-01,CUST260,MALE,28,Beauty,2,30,60,2023,7,1,July,Adulto,60,0,Baja,False
261,2023-08-05,CUST261,MALE,21,Clothing,2,25,50,2023,8,5,August,Joven,50,0,Baja,False
262,2023-07-30,CUST262,FEMALE,32,Beauty,4,30,120,2023,7,30,July,Adulto,120,0,Baja,False
263,2023-08-28,CUST263,MALE,23,Beauty,2,30,60,2023,8,28,August,Joven,60,0,Baja,False
264,2023-01-28,CUST264,MALE,47,Clothing,3,300,900,2023,1,28,January,Mayor,900,0,Alta,True
265,2023-12-11,CUST265,MALE,55,Clothing,3,300,900,2023,12,11,December,Mayor,900,0,Alta,True
266,2023-12-01,CUST266,FEMALE,19,Electronics,2,30,60,2023,12,1,December,Joven,60,0,Baja,False
267,2023-11-27,CUST267,FEMALE,32,Beauty,3,30,90,2023,11,27,November,Adulto,90,0,Baja,False
268,2023-02-20,CUST268,FEMALE,28,Electronics,1,30,30,2023,2,20,February,Adulto,30,0,Baja,False
269,2023-02-01,CUST269,MALE,25,Clothing,4,500,2000,2023,2,1,February,Adulto,2000,0,Alta,True
270,2023-07-26,CUST270,MALE,43,Electronics,1,300,300,2023,7,26,July,Adulto,300,0,Media,False
271,2023-06-23,CUST271,FEMALE,62,Beauty,4,30,120,2023,6,23,June,Mayor,120,0,Baja,False
272,2023-02-25,CUST272,FEMALE,61,Electronics,2,50,100,2023,2,25,February,Mayor,100,0,Baja,False
273,2023-05-08,CUST273,FEMALE,22,Beauty,1,50,50,2023,5,8,May,Joven,50,0,Baja,False
274,2023-04-09,CUST274,FEMALE,23,Clothing,2,500,1000,2023,4,9,April,Joven,1000,0,Alta,True
275,2023-04-08,CUST275,MALE,43,Clothing,2,500,1000,2023,4,8,April,Adulto,1000,0,Alta,True
276,2023-10-02,CUST276,FEMALE,21,Beauty,4,25,100,2023,10,2,October,Joven,100,0,Baja,False
277,2023-08-18,CUST277,MALE,36,Clothing,4,25,100,2023,8,18,August,Adulto,100,0,Baja,False
278,2023-03-13,CUST278,FEMALE,37,Clothing,4,25,100,2023,3,13,March,Adulto,100,0,Baja,False
279,2023-08-05,CUST279,MALE,50,Clothing,1,500,500,2023,8,5,August,Mayor,500,0,Media,False
280,2023-04-04,CUST280,FEMALE,37,Clothing,3,500,1500,2023,4,4,April,Adulto,1500,0,Alta,True
281,2023-05-23,CUST281,FEMALE,29,Beauty,4,500,2000,2023,5,23,May,Adulto,2000,0,Alta,True
282,2023-08-25,CUST282,FEMALE,64,Electronics,4,50,200,2023,8,25,August,Mayor,200,0,Media,False
283,2023-05-08,CUST283,FEMALE,18,Electronics,1,500,500,2023,5,8,May,Joven,500,0,Media,False
284,2023-02-08,CUST284,MALE,43,Clothing,4,50,200,2023,2,8,February,Adulto,200,0,Media,False
285,2023-08-15,CUST285,FEMALE,31,Electronics,1,25,25,2023,8,15,August,Adulto,25,0,Baja,False
286,2023-10-09,CUST286,MALE,55,Electronics,2,25,50,2023,10,9,October,Mayor,50,0,Baja,False
287,2023-02-20,CUST287,MALE,54,Clothing,4,25,100,2023,2,20,February,Mayor,100,0,Baja,False
288,2023-01-26,CUST288,MALE,28,Clothing,4,30,120,2023,1,26,January,Adulto,120,0,Baja,False
289,2023-11-30,CUST289,MALE,53,Electronics,2,30,60,2023,11,30,November,Mayor,60,0,Baja,False
290,2023-10-04,CUST290,FEMALE,30,Beauty,2,300,600,2023,10,4,October,Adulto,600,0,Media,False
291,2023-01-08,CUST291,MALE,60,Clothing,2,300,600,2023,1,8,January,Mayor,600,0,Media,False
292,2023-02-17,CUST292,MALE,20,Beauty,4,300,1200,2023,2,17,February,Joven,1200,0,Alta,True
293,2023-05-02,CUST293,MALE,50,Electronics,3,30,90,2023,5,2,May,Mayor,90,0,Baja,False
294,2023-03-27,CUST294,FEMALE,23,Clothing,3,30,90,2023,3,27,March,Joven,90,0,Baja,False
295,2023-07-28,CUST295,FEMALE,27,Beauty,3,300,900,2023,7,28,July,Adulto,900,0,Alta,True
296,2023-09-06,CUST296,FEMALE,22,Clothing,4,300,1200,2023,9,6,September,Joven,1200,0,Alta,True
297,2023-09-04,CUST297,FEMALE,40,Electronics,2,500,1000,2023,9,4,September,Adulto,1000,0,Alta,True
298,2023-04-20,CUST298,MALE,27,Beauty,4,300,1200,2023,4,20,April,Adulto,1200,0,Alta,True
299,2023-07-25,CUST299,MALE,61,Electronics,2,500,1000,2023,7,25,July,Mayor,1000,0,Alta,True
300,2023-01-31,CUST300,FEMALE,19,Electronics,4,50,200,2023,1,31,January,Joven,200,0,Media,False
301,2023-03-26,CUST301,MALE,30,Clothing,4,30,120,2023,3,26,March,Adulto,120,0,Baja,False
302,2023-07-14,CUST302,MALE,57,Beauty,2,300,600,2023,7,14,July,Mayor,600,0,Media,False
303,2023-01-02,CUST303,MALE,19,Electronics,3,30,90,2023,1,2,January,Joven,90,0,Baja,False
304,2023-07-19,CUST304,FEMALE,37,Electronics,2,30,60,2023,7,19,July,Adulto,60,0,Baja,False
305,2023-05-16,CUST305,FEMALE,18,Beauty,1,30,30,2023,5,16,May,Joven,30,0,Baja,False
306,2023-08-21,CUST306,MALE,54,Electronics,1,50,50,2023,8,21,August,Mayor,50,0,Baja,False
307,2023-05-27,CUST307,FEMALE,26,Electronics,2,25,50,2023,5,27,May,Adulto,50,0,Baja,False
308,2023-08-05,CUST308,FEMALE,34,Beauty,4,300,1200,2023,8,5,August,Adulto,1200,0,Alta,True
309,2023-12-23,CUST309,FEMALE,26,Beauty,1,25,25,2023,12,23,December,Adulto,25,0,Baja,False
310,2023-10-12,CUST310,FEMALE,28,Beauty,1,25,25,2023,10,12,October,Adulto,25,0,Baja,False
311,2023-12-05,CUST311,FEMALE,32,Beauty,4,25,100,2023,12,5,December,Adulto,100,0,Baja,False
312,2023-09-07,CUST312,MALE,41,Clothing,4,30,120,2023,9,7,September,Adulto,120,0,Baja,False
313,2023-03-21,CUST313,FEMALE,55,Beauty,3,500,1500,2023,3,21,March,Mayor,1500,0,Alta,True
314,2023-04-08,CUST314,MALE,52,Clothing,4,30,120,2023,4,8,April,Mayor,120,0,Baja,False
315,2023-06-01,CUST315,MALE,47,Clothing,2,30,60,2023,6,1,June,Mayor,60,0,Baja,False
316,2023-04-22,CUST316,FEMALE,48,Clothing,2,25,50,2023,4,22,April,Mayor,50,0,Baja,False
317,2023-01-30,CUST317,MALE,22,Electronics,3,30,90,2023,1,30,January,Joven,90,0,Baja,False
318,2023-10-24,CUST318,MALE,61,Clothing,1,25,25,2023,10,24,October,Mayor,25,0,Baja,False
319,2023-10-05,CUST319,MALE,31,Clothing,1,500,500,2023,10,5,October,Adulto,500,0,Media,False
320,2023-02-01,CUST320,FEMALE,28,Electronics,4,300,1200,2023,2,1,February,Adulto,1200,0,Alta,True
321,2023-06-10,CUST321,FEMALE,26,Electronics,2,25,50,2023,6,10,June,Adulto,50,0,Baja,False
322,2023-01-30,CUST322,MALE,51,Electronics,1,500,500,2023,1,30,January,Mayor,500,0,Media,False
323,2023-01-26,CUST323,FEMALE,29,Beauty,3,300,900,2023,1,26,January,Adulto,900,0,Alta,True
324,2023-10-27,CUST324,FEMALE,52,Electronics,3,50,150,2023,10,27,October,Mayor,150,0,Baja,False
325,2023-09-02,CUST325,FEMALE,52,Electronics,2,25,50,2023,9,2,September,Mayor,50,0,Baja,False
326,2023-09-15,CUST326,FEMALE,18,Clothing,3,25,75,2023,9,15,September,Joven,75,0,Baja,False
327,2023-09-29,CUST327,MALE,57,Electronics,3,50,150,2023,9,29,September,Mayor,150,0,Baja,False
328,2023-03-22,CUST328,MALE,39,Beauty,2,50,100,2023,3,22,March,Adulto,100,0,Baja,False
329,2023-01-30,CUST329,FEMALE,46,Electronics,4,25,100,2023,1,30,January,Mayor,100,0,Baja,False
330,2023-09-18,CUST330,FEMALE,25,Beauty,4,50,200,2023,9,18,September,Adulto,200,0,Media,False
331,2023-02-11,CUST331,MALE,28,Electronics,3,30,90,2023,2,11,February,Adulto,90,0,Baja,False
332,2023-04-06,CUST332,MALE,58,Electronics,4,300,1200,2023,4,6,April,Mayor,1200,0,Alta,True
333,2023-02-05,CUST333,FEMALE,54,Electronics,4,300,1200,2023,2,5,February,Mayor,1200,0,Alta,True
334,2023-11-01,CUST334,MALE,31,Electronics,3,300,900,2023,11,1,November,Adulto,900,0,Alta,True
335,2023-02-04,CUST335,FEMALE,47,Beauty,4,30,120,2023,2,4,February,Mayor,120,0,Baja,False
336,2023-12-12,CUST336,FEMALE,52,Beauty,3,50,150,2023,12,12,December,Mayor,150,0,Baja,False
337,2023-05-01,CUST337,MALE,38,Clothing,1,500,500,2023,5,1,May,Adulto,500,0,Media,False
338,2023-07-26,CUST338,MALE,54,Beauty,2,50,100,2023,7,26,July,Mayor,100,0,Baja,False
339,2023-03-03,CUST339,FEMALE,22,Electronics,2,25,50,2023,3,3,March,Joven,50,0,Baja,False
340,2023-10-19,CUST340,FEMALE,36,Clothing,4,300,1200,2023,10,19,October,Adulto,1200,0,Alta,True
341,2023-05-07,CUST341,MALE,31,Clothing,4,50,200,2023,5,7,May,Adulto,200,0,Media,False
342,2023-10-24,CUST342,FEMALE,43,Clothing,4,500,2000,2023,10,24,October,Adulto,2000,0,Alta,True
343,2023-11-01,CUST343,MALE,21,Electronics,2,25,50,2023,11,1,November,Joven,50,0,Baja,False
344,2023-01-21,CUST344,FEMALE,42,Beauty,1,30,30,2023,1,21,January,Adulto,30,0,Baja,False
345,2023-11-14,CUST345,MALE,62,Electronics,1,30,30,2023,11,14,November,Mayor,30,0,Baja,False
346,2023-02-11,CUST346,MALE,59,Clothing,2,500,1000,2023,2,11,February,Mayor,1000,0,Alta,True
347,2023-08-03,CUST347,MALE,42,Electronics,1,25,25,2023,8,3,August,Adulto,25,0,Baja,False
348,2023-12-03,CUST348,FEMALE,35,Electronics,2,300,600,2023,12,3,December,Adulto,600,0,Media,False
349,2023-10-26,CUST349,FEMALE,57,Beauty,1,50,50,2023,10,26,October,Mayor,50,0,Baja,False
350,2023-10-17,CUST350,MALE,25,Beauty,3,25,75,2023,10,17,October,Adulto,75,0,Baja,False
351,2023-09-25,CUST351,FEMALE,56,Clothing,3,30,90,2023,9,25,September,Mayor,90,0,Baja,False
352,2023-06-11,CUST352,MALE,57,Electronics,2,500,1000,2023,6,11,June,Mayor,1000,0,Alta,True
353,2023-05-14,CUST353,MALE,31,Electronics,1,500,500,2023,5,14,May,Adulto,500,0,Media,False
354,2023-04-15,CUST354,FEMALE,49,Beauty,4,50,200,2023,4,15,April,Mayor,200,0,Media,False
355,2023-12-09,CUST355,FEMALE,55,Electronics,1,500,500,2023,12,9,December,Mayor,500,0,Media,False
356,2023-06-10,CUST356,MALE,50,Electronics,3,500,1500,2023,6,10,June,Mayor,1500,0,Alta,True
357,2023-05-03,CUST357,FEMALE,40,Electronics,3,25,75,2023,5,3,May,Adulto,75,0,Baja,False
358,2023-05-16,CUST358,FEMALE,32,Beauty,1,300,300,2023,5,16,May,Adulto,300,0,Media,False
359,2023-07-22,CUST359,MALE,50,Clothing,1,50,50,2023,7,22,July,Mayor,50,0,Baja,False
360,2023-03-09,CUST360,MALE,42,Clothing,4,25,100,2023,3,9,March,Adulto,100,0,Baja,False
361,2023-12-10,CUST361,FEMALE,34,Electronics,4,300,1200,2023,12,10,December,Adulto,1200,0,Alta,True
362,2023-11-27,CUST362,MALE,50,Clothing,1,25,25,2023,11,27,November,Mayor,25,0,Baja,False
363,2023-06-03,CUST363,MALE,64,Beauty,1,25,25,2023,6,3,June,Mayor,25,0,Baja,False
364,2023-08-23,CUST364,FEMALE,19,Beauty,1,500,500,2023,8,23,August,Joven,500,0,Media,False
365,2023-06-11,CUST365,MALE,31,Clothing,1,300,300,2023,6,11,June,Adulto,300,0,Media,False
366,2023-02-07,CUST366,MALE,57,Clothing,2,50,100,2023,2,7,February,Mayor,100,0,Baja,False
367,2023-01-05,CUST367,FEMALE,57,Electronics,1,50,50,2023,1,5,January,Mayor,50,0,Baja,False
368,2023-08-23,CUST368,FEMALE,56,Clothing,4,300,1200,2023,8,23,August,Mayor,1200,0,Alta,True
369,2023-11-15,CUST369,MALE,23,Electronics,3,500,1500,2023,11,15,November,Joven,1500,0,Alta,True
370,2023-10-16,CUST370,MALE,23,Electronics,2,30,60,2023,10,16,October,Joven,60,0,Baja,False
371,2023-02-21,CUST371,FEMALE,20,Beauty,1,25,25,2023,2,21,February,Joven,25,0,Baja,False
372,2023-02-07,CUST372,FEMALE,24,Beauty,3,500,1500,2023,2,7,February,Joven,1500,0,Alta,True
373,2023-10-03,CUST373,FEMALE,25,Beauty,2,300,600,2023,10,3,October,Adulto,600,0,Media,False
374,2023-04-20,CUST374,FEMALE,59,Beauty,3,25,75,2023,4,20,April,Mayor,75,0,Baja,False
375,2023-09-17,CUST375,MALE,32,Clothing,1,50,50,2023,9,17,September,Adulto,50,0,Baja,False
376,2023-05-16,CUST376,FEMALE,64,Beauty,1,30,30,2023,5,16,May,Mayor,30,0,Baja,False
377,2023-03-09,CUST377,FEMALE,46,Clothing,4,50,200,2023,3,9,March,Mayor,200,0,Media,False
378,2023-06-28,CUST378,MALE,50,Beauty,1,300,300,2023,6,28,June,Mayor,300,0,Media,False
379,2023-02-05,CUST379,FEMALE,47,Clothing,1,25,25,2023,2,5,February,Mayor,25,0,Baja,False
380,2023-05-06,CUST380,MALE,56,Electronics,2,300,600,2023,5,6,May,Mayor,600,0,Media,False
381,2023-07-09,CUST381,FEMALE,44,Clothing,4,25,100,2023,7,9,July,Adulto,100,0,Baja,False
382,2023-05-26,CUST382,FEMALE,53,Clothing,2,500,1000,2023,5,26,May,Mayor,1000,0,Alta,True
383,2023-03-22,CUST383,FEMALE,46,Beauty,3,30,90,2023,3,22,March,Mayor,90,0,Baja,False
384,2023-08-13,CUST384,MALE,55,Clothing,1,500,500,2023,8,13,August,Mayor,500,0,Media,False
385,2023-10-06,CUST385,MALE,50,Electronics,3,500,1500,2023,10,6,October,Mayor,1500,0,Alta,True
386,2023-12-27,CUST386,FEMALE,54,Electronics,2,300,600,2023,12,27,December,Mayor,600,0,Media,False
387,2023-06-04,CUST387,MALE,44,Beauty,1,30,30,2023,6,4,June,Adulto,30,0,Baja,False
388,2023-11-10,CUST388,MALE,50,Electronics,1,25,25,2023,11,10,November,Mayor,25,0,Baja,False
389,2023-12-01,CUST389,MALE,21,Clothing,2,25,50,2023,12,1,December,Joven,50,0,Baja,False
390,2023-09-28,CUST390,MALE,39,Electronics,2,50,100,2023,9,28,September,Adulto,100,0,Baja,False
391,2023-01-05,CUST391,MALE,19,Beauty,2,25,50,2023,1,5,January,Joven,50,0,Baja,False
392,2023-12-08,CUST392,MALE,27,Clothing,2,300,600,2023,12,8,December,Adulto,600,0,Media,False
393,2023-10-11,CUST393,FEMALE,22,Beauty,2,500,1000,2023,10,11,October,Joven,1000,0,Alta,True
394,2023-06-03,CUST394,FEMALE,27,Clothing,1,500,500,2023,6,3,June,Adulto,500,0,Media,False
395,2023-12-06,CUST395,MALE,50,Electronics,2,500,1000,2023,12,6,December,Mayor,1000,0,Alta,True
396,2023-02-23,CUST396,FEMALE,55,Beauty,1,30,30,2023,2,23,February,Mayor,30,0,Baja,False
397,2023-03-10,CUST397,FEMALE,30,Beauty,1,25,25,2023,3,10,March,Adulto,25,0,Baja,False
398,2023-05-16,CUST398,FEMALE,48,Clothing,2,300,600,2023,5,16,May,Mayor,600,0,Media,False
399,2023-03-01,CUST399,FEMALE,64,Beauty,2,30,60,2023,3,1,March,Mayor,60,0,Baja,False
400,2023-02-24,CUST400,MALE,53,Clothing,4,50,200,2023,2,24,February,Mayor,200,0,Media,False
401,2023-10-11,CUST401,FEMALE,62,Clothing,1,300,300,2023,10,11,October,Mayor,300,0,Media,False
402,2023-03-21,CUST402,FEMALE,41,Clothing,2,300,600,2023,3,21,March,Adulto,600,0,Media,False
403,2023-05-20,CUST403,MALE,32,Clothing,2,300,600,2023,5,20,May,Adulto,600,0,Media,False
404,2023-05-25,CUST404,MALE,46,Electronics,2,500,1000,2023,5,25,May,Mayor,1000,0,Alta,True
405,2023-11-06,CUST405,FEMALE,25,Clothing,4,300,1200,2023,11,6,November,Adulto,1200,0,Alta,True
406,2023-04-18,CUST406,FEMALE,22,Beauty,4,25,100,2023,4,18,April,Joven,100,0,Baja,False
407,2023-06-25,CUST407,FEMALE,46,Electronics,3,300,900,2023,6,25,June,Mayor,900,0,Alta,True
408,2023-04-15,CUST408,FEMALE,64,Beauty,1,500,500,2023,4,15,April,Mayor,500,0,Media,False
409,2023-12-18,CUST409,FEMALE,21,Electronics,3,300,900,2023,12,18,December,Joven,900,0,Alta,True
410,2023-11-21,CUST410,FEMALE,29,Clothing,2,50,100,2023,11,21,November,Adulto,100,0,Baja,False
411,2023-05-16,CUST411,MALE,62,Electronics,4,50,200,2023,5,16,May,Mayor,200,0,Media,False
412,2023-09-16,CUST412,FEMALE,19,Electronics,4,500,2000,2023,9,16,September,Joven,2000,0,Alta,True
413,2023-09-08,CUST413,FEMALE,44,Beauty,3,25,75,2023,9,8,September,Adulto,75,0,Baja,False
414,2023-05-09,CUST414,MALE,48,Beauty,4,25,100,2023,5,9,May,Mayor,100,0,Baja,False
415,2023-01-27,CUST415,MALE,53,Clothing,2,30,60,2023,1,27,January,Mayor,60,0,Baja,False
416,2023-02-17,CUST416,MALE,53,Electronics,4,500,2000,2023,2,17,February,Mayor,2000,0,Alta,True
417,2023-11-21,CUST417,MALE,43,Electronics,3,300,900,2023,11,21,November,Adulto,900,0,Alta,True
418,2023-08-05,CUST418,FEMALE,60,Electronics,2,500,1000,2023,8,5,August,Mayor,1000,0,Alta,True
419,2023-05-22,CUST419,FEMALE,44,Clothing,3,30,90,2023,5,22,May,Adulto,90,0,Baja,False
420,2023-01-23,CUST420,FEMALE,22,Clothing,4,500,2000,2023,1,23,January,Joven,2000,0,Alta,True
421,2023-01-02,CUST421,FEMALE,37,Clothing,3,500,1500,2023,1,2,January,Adulto,1500,0,Alta,True
422,2023-06-20,CUST422,FEMALE,28,Clothing,3,30,90,2023,6,20,June,Adulto,90,0,Baja,False
423,2023-03-08,CUST423,FEMALE,27,Clothing,1,25,25,2023,3,8,March,Adulto,25,0,Baja,False
424,2023-11-23,CUST424,MALE,57,Beauty,4,300,1200,2023,11,23,November,Mayor,1200,0,Alta,True
425,2023-05-15,CUST425,FEMALE,55,Electronics,4,30,120,2023,5,15,May,Mayor,120,0,Baja,False
426,2023-03-24,CUST426,MALE,23,Electronics,3,50,150,2023,3,24,March,Joven,150,0,Baja,False
427,2023-08-15,CUST427,MALE,25,Electronics,1,25,25,2023,8,15,August,Adulto,25,0,Baja,False
428,2023-10-10,CUST428,FEMALE,40,Electronics,4,50,200,2023,10,10,October,Adulto,200,0,Media,False
429,2023-12-28,CUST429,MALE,64,Electronics,2,25,50,2023,12,28,December,Mayor,50,0,Baja,False
430,2023-08-07,CUST430,FEMALE,43,Electronics,3,300,900,2023,8,7,August,Adulto,900,0,Alta,True
431,2023-10-15,CUST431,MALE,63,Electronics,4,300,1200,2023,10,15,October,Mayor,1200,0,Alta,True
432,2023-01-05,CUST432,FEMALE,60,Electronics,2,500,1000,2023,1,5,January,Mayor,1000,0,Alta,True
433,2023-02-27,CUST433,MALE,29,Beauty,4,50,200,2023,2,27,February,Adulto,200,0,Media,False
434,2023-02-08,CUST434,FEMALE,43,Electronics,2,25,50,2023,2,8,February,Adulto,50,0,Baja,False
435,2023-12-20,CUST435,FEMALE,30,Beauty,3,300,900,2023,12,20,December,Adulto,900,0,Alta,True
436,2023-03-18,CUST436,FEMALE,57,Clothing,4,30,120,2023,3,18,March,Mayor,120,0,Baja,False
437,2023-10-07,CUST437,FEMALE,35,Electronics,4,300,1200,2023,10,7,October,Adulto,1200,0,Alta,True
438,2023-01-19,CUST438,FEMALE,42,Clothing,1,30,30,2023,1,19,January,Adulto,30,0,Baja,False
439,2023-07-09,CUST439,MALE,50,Clothing,3,25,75,2023,7,9,July,Mayor,75,0,Baja,False
440,2023-10-26,CUST440,MALE,64,Clothing,2,300,600,2023,10,26,October,Mayor,600,0,Media,False
441,2023-10-10,CUST441,MALE,57,Beauty,4,300,1200,2023,10,10,October,Mayor,1200,0,Alta,True
442,2023-03-17,CUST442,FEMALE,60,Clothing,4,25,100,2023,3,17,March,Mayor,100,0,Baja,False
443,2023-08-09,CUST443,MALE,29,Clothing,2,300,600,2023,8,9,August,Adulto,600,0,Media,False
444,2023-03-07,CUST444,FEMALE,61,Clothing,3,30,90,2023,3,7,March,Mayor,90,0,Baja,False
445,2023-01-22,CUST445,FEMALE,53,Electronics,1,300,300,2023,1,22,January,Mayor,300,0,Media,False
446,2023-06-07,CUST446,MALE,21,Electronics,1,50,50,2023,6,7,June,Joven,50,0,Baja,False
447,2023-07-06,CUST447,MALE,22,Beauty,4,500,2000,2023,7,6,July,Joven,2000,0,Alta,True
448,2023-01-21,CUST448,FEMALE,54,Beauty,2,30,60,2023,1,21,January,Mayor,60,0,Baja,False
449,2023-07-03,CUST449,MALE,25,Electronics,4,50,200,2023,7,3,July,Adulto,200,0,Media,False
450,2023-04-18,CUST450,FEMALE,59,Beauty,2,25,50,2023,4,18,April,Mayor,50,0,Baja,False
451,2023-12-16,CUST451,FEMALE,45,Electronics,1,30,30,2023,12,16,December,Mayor,30,0,Baja,False
452,2023-05-08,CUST452,FEMALE,48,Clothing,3,500,1500,2023,5,8,May,Mayor,1500,0,Alta,True
453,2023-12-08,CUST453,FEMALE,26,Clothing,2,500,1000,2023,12,8,December,Adulto,1000,0,Alta,True
454,2023-02-22,CUST454,FEMALE,46,Beauty,1,25,25,2023,2,22,February,Mayor,25,0,Baja,False
455,2023-07-01,CUST455,MALE,31,Electronics,4,25,100,2023,7,1,July,Adulto,100,0,Baja,False
456,2023-10-14,CUST456,MALE,57,Electronics,2,30,60,2023,10,14,October,Mayor,60,0,Baja,False
457,2023-07-28,CUST457,FEMALE,58,Beauty,3,300,900,2023,7,28,July,Mayor,900,0,Alta,True
458,2023-11-14,CUST458,FEMALE,39,Electronics,4,25,100,2023,11,14,November,Adulto,100,0,Baja,False
459,2023-03-21,CUST459,MALE,28,Clothing,4,300,1200,2023,3,21,March,Adulto,1200,0,Alta,True
460,2023-05-02,CUST460,MALE,40,Beauty,1,50,50,2023,5,2,May,Adulto,50,0,Baja,False
461,2023-03-25,CUST461,FEMALE,18,Beauty,2,500,1000,2023,3,25,March,Joven,1000,0,Alta,True
462,2023-04-01,CUST462,MALE,63,Electronics,4,300,1200,2023,4,1,April,Mayor,1200,0,Alta,True
463,2023-07-31,CUST463,FEMALE,54,Beauty,3,500,1500,2023,7,31,July,Mayor,1500,0,Alta,True
464,2023-01-13,CUST464,MALE,38,Electronics,2,300,600,2023,1,13,January,Adulto,600,0,Media,False
465,2023-04-02,CUST465,FEMALE,43,Electronics,3,50,150,2023,4,2,April,Adulto,150,0,Baja,False
466,2023-06-20,CUST466,MALE,63,Electronics,4,25,100,2023,6,20,June,Mayor,100,0,Baja,False
467,2023-07-30,CUST467,FEMALE,53,Electronics,3,50,150,2023,7,30,July,Mayor,150,0,Baja,False
468,2023-12-09,CUST468,MALE,40,Electronics,1,25,25,2023,12,9,December,Adulto,25,0,Baja,False
469,2023-05-08,CUST469,MALE,18,Beauty,3,25,75,2023,5,8,May,Joven,75,0,Baja,False
470,2023-05-17,CUST470,FEMALE,57,Clothing,2,500,1000,2023,5,17,May,Mayor,1000,0,Alta,True
471,2023-03-23,CUST471,MALE,32,Clothing,3,50,150,2023,3,23,March,Adulto,150,0,Baja,False
472,2023-12-26,CUST472,FEMALE,38,Beauty,3,300,900,2023,12,26,December,Adulto,900,0,Alta,True
473,2023-02-25,CUST473,MALE,64,Beauty,1,50,50,2023,2,25,February,Mayor,50,0,Baja,False
474,2023-07-15,CUST474,FEMALE,26,Clothing,3,500,1500,2023,7,15,July,Adulto,1500,0,Alta,True
475,2023-01-20,CUST475,MALE,26,Clothing,3,25,75,2023,1,20,January,Adulto,75,0,Baja,False
476,2023-08-29,CUST476,FEMALE,27,Clothing,4,500,2000,2023,8,29,August,Adulto,2000,0,Alta,True
477,2023-04-24,CUST477,MALE,43,Clothing,4,30,120,2023,4,24,April,Adulto,120,0,Baja,False
478,2023-04-13,CUST478,FEMALE,58,Clothing,2,30,60,2023,4,13,April,Mayor,60,0,Baja,False
479,2023-08-24,CUST479,MALE,52,Electronics,4,300,1200,2023,8,24,August,Mayor,1200,0,Alta,True
480,2023-06-29,CUST480,FEMALE,42,Beauty,4,500,2000,2023,6,29,June,Adulto,2000,0,Alta,True
481,2023-06-06,CUST481,FEMALE,43,Electronics,4,300,1200,2023,6,6,June,Adulto,1200,0,Alta,True
482,2023-04-27,CUST482,FEMALE,28,Clothing,4,300,1200,2023,4,27,April,Adulto,1200,0,Alta,True
483,2023-04-25,CUST483,MALE,55,Clothing,1,30,30,2023,4,25,April,Mayor,30,0,Baja,False
484,2023-01-13,CUST484,FEMALE,19,Clothing,4,300,1200,2023,1,13,January,Joven,1200,0,Alta,True
485,2023-12-04,CUST485,MALE,24,Electronics,1,30,30,2023,12,4,December,Joven,30,0,Baja,False
486,2023-04-09,CUST486,FEMALE,35,Electronics,1,25,25,2023,4,9,April,Adulto,25,0,Baja,False
487,2023-07-24,CUST487,MALE,44,Clothing,4,500,2000,2023,7,24,July,Adulto,2000,0,Alta,True
488,2023-06-18,CUST488,FEMALE,51,Electronics,3,300,900,2023,6,18,June,Mayor,900,0,Alta,True
489,2023-05-23,CUST489,MALE,44,Electronics,1,30,30,2023,5,23,May,Adulto,30,0,Baja,False
490,2023-02-05,CUST490,MALE,34,Clothing,3,50,150,2023,2,5,February,Adulto,150,0,Baja,False
491,2023-05-23,CUST491,FEMALE,60,Electronics,3,300,900,2023,5,23,May,Mayor,900,0,Alta,True
492,2023-06-29,CUST492,MALE,61,Beauty,4,25,100,2023,6,29,June,Mayor,100,0,Baja,False
493,2023-11-25,CUST493,MALE,41,Beauty,2,25,50,2023,11,25,November,Adulto,50,0,Baja,False
494,2023-09-18,CUST494,FEMALE,42,Beauty,4,50,200,2023,9,18,September,Adulto,200,0,Media,False
495,2023-07-24,CUST495,MALE,24,Beauty,2,30,60,2023,7,24,July,Joven,60,0,Baja,False
496,2023-12-14,CUST496,MALE,23,Clothing,2,300,600,2023,12,14,December,Joven,600,0,Media,False
497,2023-10-02,CUST497,MALE,41,Clothing,4,30,120,2023,10,2,October,Adulto,120,0,Baja,False
498,2023-06-19,CUST498,FEMALE,50,Clothing,4,25,100,2023,6,19,June,Mayor,100,0,Baja,False
499,2023-01-15,CUST499,MALE,46,Beauty,2,30,60,2023,1,15,January,Mayor,60,0,Baja,False
500,2023-03-01,CUST500,FEMALE,60,Beauty,4,25,100,2023,3,1,March,Mayor,100,0,Baja,False
501,2023-05-14,CUST501,MALE,39,Electronics,2,30,60,2023,5,14,May,Adulto,60,0,Baja,False
502,2023-04-02,CUST502,MALE,43,Electronics,3,50,150,2023,4,2,April,Adulto,150,0,Baja,False
503,2023-10-25,CUST503,MALE,45,Beauty,4,500,2000,2023,10,25,October,Mayor,2000,0,Alta,True
504,2023-05-16,CUST504,FEMALE,38,Beauty,3,50,150,2023,5,16,May,Adulto,150,0,Baja,False
505,2023-01-20,CUST505,MALE,24,Beauty,1,50,50,2023,1,20,January,Joven,50,0,Baja,False
506,2023-02-25,CUST506,MALE,34,Beauty,3,500,1500,2023,2,25,February,Adulto,1500,0,Alta,True
507,2023-11-02,CUST507,FEMALE,37,Electronics,3,500,1500,2023,11,2,November,Adulto,1500,0,Alta,True
508,2023-08-11,CUST508,MALE,58,Beauty,2,300,600,2023,8,11,August,Mayor,600,0,Media,False
509,2023-06-26,CUST509,FEMALE,37,Electronics,3,300,900,2023,6,26,June,Adulto,900,0,Alta,True
510,2023-06-10,CUST510,FEMALE,39,Beauty,4,50,200,2023,6,10,June,Adulto,200,0,Media,False
511,2023-08-12,CUST511,MALE,45,Beauty,2,50,100,2023,8,12,August,Mayor,100,0,Baja,False
512,2023-11-07,CUST512,FEMALE,57,Beauty,1,25,25,2023,11,7,November,Mayor,25,0,Baja,False
513,2023-09-19,CUST513,MALE,24,Electronics,4,25,100,2023,9,19,September,Joven,100,0,Baja,False
514,2023-03-01,CUST514,FEMALE,18,Electronics,1,300,300,2023,3,1,March,Joven,300,0,Media,False
515,2023-07-17,CUST515,FEMALE,49,Clothing,3,300,900,2023,7,17,July,Mayor,900,0,Alta,True
516,2023-10-23,CUST516,MALE,30,Beauty,4,25,100,2023,10,23,October,Adulto,100,0,Baja,False
517,2023-04-08,CUST517,FEMALE,47,Clothing,4,25,100,2023,4,8,April,Mayor,100,0,Baja,False
518,2023-05-11,CUST518,FEMALE,40,Clothing,1,30,30,2023,5,11,May,Adulto,30,0,Baja,False
519,2023-01-23,CUST519,FEMALE,36,Electronics,4,30,120,2023,1,23,January,Adulto,120,0,Baja,False
520,2023-12-29,CUST520,FEMALE,49,Electronics,4,25,100,2023,12,29,December,Mayor,100,0,Baja,False
521,2023-08-12,CUST521,FEMALE,47,Clothing,4,30,120,2023,8,12,August,Mayor,120,0,Baja,False
522,2023-01-01,CUST522,MALE,46,Beauty,3,500,1500,2023,1,1,January,Mayor,1500,0,Alta,True
523,2023-09-24,CUST523,FEMALE,62,Electronics,1,300,300,2023,9,24,September,Mayor,300,0,Media,False
524,2023-10-03,CUST524,MALE,46,Beauty,4,300,1200,2023,10,3,October,Mayor,1200,0,Alta,True
525,2023-12-18,CUST525,FEMALE,47,Beauty,2,25,50,2023,12,18,December,Mayor,50,0,Baja,False
526,2023-12-10,CUST526,MALE,33,Clothing,2,50,100,2023,12,10,December,Adulto,100,0,Baja,False
527,2023-04-11,CUST527,MALE,57,Clothing,2,25,50,2023,4,11,April,Mayor,50,0,Baja,False
528,2023-07-06,CUST528,FEMALE,36,Clothing,2,30,60,2023,7,6,July,Adulto,60,0,Baja,False
529,2023-08-09,CUST529,FEMALE,35,Clothing,3,50,150,2023,8,9,August,Adulto,150,0,Baja,False
530,2023-02-05,CUST530,FEMALE,18,Electronics,4,30,120,2023,2,5,February,Joven,120,0,Baja,False
531,2023-12-07,CUST531,MALE,31,Electronics,1,500,500,2023,12,7,December,Adulto,500,0,Media,False
532,2023-06-19,CUST532,FEMALE,64,Clothing,4,30,120,2023,6,19,June,Mayor,120,0,Baja,False
533,2023-11-16,CUST533,MALE,19,Electronics,3,500,1500,2023,11,16,November,Joven,1500,0,Alta,True
534,2023-06-10,CUST534,MALE,45,Clothing,2,500,1000,2023,6,10,June,Mayor,1000,0,Alta,True
535,2023-12-06,CUST535,MALE,47,Beauty,3,30,90,2023,12,6,December,Mayor,90,0,Baja,False
536,2023-03-05,CUST536,FEMALE,55,Beauty,4,30,120,2023,3,5,March,Mayor,120,0,Baja,False
537,2023-06-03,CUST537,FEMALE,21,Beauty,1,500,500,2023,6,3,June,Joven,500,0,Media,False
538,2023-09-17,CUST538,MALE,18,Clothing,3,50,150,2023,9,17,September,Joven,150,0,Baja,False
539,2023-06-08,CUST539,MALE,25,Beauty,1,500,500,2023,6,8,June,Adulto,500,0,Media,False
540,2023-12-08,CUST540,FEMALE,46,Electronics,3,300,900,2023,12,8,December,Mayor,900,0,Alta,True
541,2023-07-29,CUST541,MALE,56,Beauty,1,500,500,2023,7,29,July,Mayor,500,0,Media,False
542,2023-06-17,CUST542,FEMALE,20,Beauty,1,50,50,2023,6,17,June,Joven,50,0,Baja,False
543,2023-07-26,CUST543,MALE,49,Beauty,2,300,600,2023,7,26,July,Mayor,600,0,Media,False
544,2023-12-23,CUST544,FEMALE,27,Electronics,1,25,25,2023,12,23,December,Adulto,25,0,Baja,False
545,2023-06-01,CUST545,MALE,27,Clothing,2,25,50,2023,6,1,June,Adulto,50,0,Baja,False
546,2023-10-11,CUST546,FEMALE,36,Electronics,4,50,200,2023,10,11,October,Adulto,200,0,Media,False
547,2023-03-07,CUST547,MALE,63,Clothing,4,500,2000,2023,3,7,March,Mayor,2000,0,Alta,True
548,2023-04-09,CUST548,FEMALE,51,Clothing,2,30,60,2023,4,9,April,Mayor,60,0,Baja,False
549,2023-08-04,CUST549,FEMALE,50,Beauty,2,50,100,2023,8,4,August,Mayor,100,0,Baja,False
550,2023-12-07,CUST550,MALE,40,Clothing,3,300,900,2023,12,7,December,Adulto,900,0,Alta,True
551,2023-07-14,CUST551,MALE,45,Electronics,3,300,900,2023,7,14,July,Mayor,900,0,Alta,True
552,2023-12-13,CUST552,FEMALE,49,Electronics,3,25,75,2023,12,13,December,Mayor,75,0,Baja,False
553,2023-03-31,CUST553,MALE,24,Clothing,4,300,1200,2023,3,31,March,Joven,1200,0,Alta,True
554,2023-11-12,CUST554,FEMALE,46,Beauty,3,50,150,2023,11,12,November,Mayor,150,0,Baja,False
555,2023-10-19,CUST555,MALE,25,Beauty,1,300,300,2023,10,19,October,Adulto,300,0,Media,False
556,2023-06-04,CUST556,FEMALE,18,Electronics,1,50,50,2023,6,4,June,Joven,50,0,Baja,False
557,2023-07-27,CUST557,FEMALE,20,Beauty,3,30,90,2023,7,27,July,Joven,90,0,Baja,False
558,2023-10-08,CUST558,FEMALE,41,Clothing,1,25,25,2023,10,8,October,Adulto,25,0,Baja,False
559,2023-01-01,CUST559,FEMALE,40,Clothing,4,300,1200,2023,1,1,January,Adulto,1200,0,Alta,True
560,2023-06-05,CUST560,FEMALE,25,Electronics,1,50,50,2023,6,5,June,Adulto,50,0,Baja,False
561,2023-05-27,CUST561,FEMALE,64,Clothing,4,500,2000,2023,5,27,May,Mayor,2000,0,Alta,True
562,2023-04-18,CUST562,MALE,54,Electronics,2,25,50,2023,4,18,April,Mayor,50,0,Baja,False
563,2023-08-09,CUST563,MALE,20,Clothing,2,30,60,2023,8,9,August,Joven,60,0,Baja,False
564,2023-10-24,CUST564,MALE,50,Electronics,2,50,100,2023,10,24,October,Mayor,100,0,Baja,False
565,2023-11-07,CUST565,FEMALE,45,Beauty,2,30,60,2023,11,7,November,Mayor,60,0,Baja,False
566,2023-12-02,CUST566,FEMALE,64,Clothing,1,30,30,2023,12,2,December,Mayor,30,0,Baja,False
567,2023-06-14,CUST567,FEMALE,25,Clothing,3,300,900,2023,6,14,June,Adulto,900,0,Alta,True
568,2023-08-27,CUST568,FEMALE,51,Electronics,1,300,300,2023,8,27,August,Mayor,300,0,Media,False
569,2023-08-15,CUST569,MALE,52,Electronics,4,50,200,2023,8,15,August,Mayor,200,0,Media,False
570,2023-08-15,CUST570,MALE,49,Clothing,1,500,500,2023,8,15,August,Mayor,500,0,Media,False
571,2023-12-12,CUST571,FEMALE,41,Electronics,1,50,50,2023,12,12,December,Adulto,50,0,Baja,False
572,2023-04-20,CUST572,MALE,31,Clothing,4,500,2000,2023,4,20,April,Adulto,2000,0,Alta,True
573,2023-09-19,CUST573,MALE,49,Beauty,2,30,60,2023,9,19,September,Mayor,60,0,Baja,False
574,2023-08-31,CUST574,FEMALE,63,Electronics,2,25,50,2023,8,31,August,Mayor,50,0,Baja,False
575,2023-03-28,CUST575,MALE,60,Clothing,2,50,100,2023,3,28,March,Mayor,100,0,Baja,False
576,2023-12-04,CUST576,FEMALE,33,Beauty,3,50,150,2023,12,4,December,Adulto,150,0,Baja,False
577,2023-02-13,CUST577,MALE,21,Beauty,4,500,2000,2023,2,13,February,Joven,2000,0,Alta,True
578,2023-05-26,CUST578,FEMALE,54,Clothing,4,30,120,2023,5,26,May,Mayor,120,0,Baja,False
579,2023-09-21,CUST579,FEMALE,38,Electronics,1,30,30,2023,9,21,September,Adulto,30,0,Baja,False
580,2023-12-06,CUST580,FEMALE,31,Clothing,3,500,1500,2023,12,6,December,Adulto,1500,0,Alta,True
581,2023-11-21,CUST581,FEMALE,48,Beauty,2,30,60,2023,11,21,November,Mayor,60,0,Baja,False
582,2023-11-14,CUST582,MALE,35,Clothing,3,300,900,2023,11,14,November,Adulto,900,0,Alta,True
583,2023-06-21,CUST583,FEMALE,24,Electronics,4,25,100,2023,6,21,June,Joven,100,0,Baja,False
584,2023-02-17,CUST584,FEMALE,27,Beauty,4,50,200,2023,2,17,February,Adulto,200,0,Media,False
585,2023-05-01,CUST585,FEMALE,24,Clothing,1,25,25,2023,5,1,May,Joven,25,0,Baja,False
586,2023-12-11,CUST586,MALE,50,Electronics,1,50,50,2023,12,11,December,Mayor,50,0,Baja,False
587,2023-06-08,CUST587,FEMALE,40,Beauty,4,300,1200,2023,6,8,June,Adulto,1200,0,Alta,True
588,2023-04-26,CUST588,MALE,38,Electronics,2,30,60,2023,4,26,April,Adulto,60,0,Baja,False
589,2023-04-12,CUST589,FEMALE,36,Beauty,2,500,1000,2023,4,12,April,Adulto,1000,0,Alta,True
590,2023-03-17,CUST590,MALE,36,Clothing,3,300,900,2023,3,17,March,Adulto,900,0,Alta,True
591,2023-01-13,CUST591,MALE,53,Electronics,4,25,100,2023,1,13,January,Mayor,100,0,Baja,False
592,2023-01-24,CUST592,FEMALE,46,Beauty,4,500,2000,2023,1,24,January,Mayor,2000,0,Alta,True
593,2023-05-06,CUST593,MALE,35,Electronics,2,30,60,2023,5,6,May,Adulto,60,0,Baja,False
594,2023-09-01,CUST594,FEMALE,19,Electronics,2,300,600,2023,9,1,September,Joven,600,0,Media,False
595,2023-11-09,CUST595,FEMALE,18,Clothing,4,500,2000,2023,11,9,November,Joven,2000,0,Alta,True
596,2023-02-07,CUST596,FEMALE,64,Electronics,1,300,300,2023,2,7,February,Mayor,300,0,Media,False
597,2023-08-22,CUST597,MALE,22,Beauty,4,300,1200,2023,8,22,August,Joven,1200,0,Alta,True
598,2023-08-01,CUST598,MALE,37,Beauty,4,30,120,2023,8,1,August,Adulto,120,0,Baja,False
599,2023-11-19,CUST599,FEMALE,28,Beauty,2,50,100,2023,11,19,November,Adulto,100,0,Baja,False
600,2023-10-22,CUST600,FEMALE,59,Beauty,2,500,1000,2023,10,22,October,Mayor,1000,0,Alta,True
601,2023-04-10,CUST601,MALE,19,Clothing,1,30,30,2023,4,10,April,Joven,30,0,Baja,False
602,2023-12-23,CUST602,FEMALE,20,Electronics,1,300,300,2023,12,23,December,Joven,300,0,Media,False
603,2023-07-16,CUST603,FEMALE,40,Clothing,3,30,90,2023,7,16,July,Adulto,90,0,Baja,False
604,2023-09-11,CUST604,FEMALE,29,Electronics,4,50,200,2023,9,11,September,Adulto,200,0,Media,False
605,2023-07-24,CUST605,MALE,37,Electronics,2,500,1000,2023,7,24,July,Adulto,1000,0,Alta,True
606,2023-05-05,CUST606,MALE,22,Electronics,1,50,50,2023,5,5,May,Joven,50,0,Baja,False
607,2023-03-17,CUST607,MALE,54,Clothing,3,25,75,2023,3,17,March,Mayor,75,0,Baja,False
608,2023-12-02,CUST608,FEMALE,55,Electronics,3,500,1500,2023,12,2,December,Mayor,1500,0,Alta,True
609,2023-12-19,CUST609,FEMALE,47,Clothing,2,50,100,2023,12,19,December,Mayor,100,0,Baja,False
610,2023-01-03,CUST610,FEMALE,26,Beauty,2,300,600,2023,1,3,January,Adulto,600,0,Media,False
611,2023-02-24,CUST611,MALE,51,Beauty,3,500,1500,2023,2,24,February,Mayor,1500,0,Alta,True
612,2023-08-06,CUST612,FEMALE,61,Electronics,1,500,500,2023,8,6,August,Mayor,500,0,Media,False
613,2023-04-23,CUST613,FEMALE,52,Clothing,3,30,90,2023,4,23,April,Mayor,90,0,Baja,False
614,2023-04-01,CUST614,FEMALE,39,Beauty,4,300,1200,2023,4,1,April,Adulto,1200,0,Alta,True
615,2023-12-23,CUST615,FEMALE,61,Clothing,4,25,100,2023,12,23,December,Mayor,100,0,Baja,False
616,2023-09-23,CUST616,MALE,41,Clothing,2,50,100,2023,9,23,September,Adulto,100,0,Baja,False
617,2023-08-26,CUST617,MALE,34,Electronics,1,30,30,2023,8,26,August,Adulto,30,0,Baja,False
618,2023-01-26,CUST618,FEMALE,27,Beauty,1,50,50,2023,1,26,January,Adulto,50,0,Baja,False
619,2023-10-13,CUST619,MALE,47,Electronics,4,25,100,2023,10,13,October,Mayor,100,0,Baja,False
620,2023-05-08,CUST620,MALE,63,Electronics,3,25,75,2023,5,8,May,Mayor,75,0,Baja,False
621,2023-03-04,CUST621,FEMALE,40,Beauty,2,500,1000,2023,3,4,March,Adulto,1000,0,Alta,True
622,2023-08-22,CUST622,FEMALE,49,Beauty,3,25,75,2023,8,22,August,Mayor,75,0,Baja,False
623,2023-03-10,CUST623,MALE,34,Clothing,3,50,150,2023,3,10,March,Adulto,150,0,Baja,False
624,2023-08-26,CUST624,FEMALE,34,Beauty,3,300,900,2023,8,26,August,Adulto,900,0,Alta,True
625,2023-12-08,CUST625,MALE,31,Clothing,1,300,300,2023,12,8,December,Adulto,300,0,Media,False
626,2023-09-29,CUST626,FEMALE,26,Clothing,4,500,2000,2023,9,29,September,Adulto,2000,0,Alta,True
627,2023-10-14,CUST627,MALE,57,Clothing,1,50,50,2023,10,14,October,Mayor,50,0,Baja,False
628,2023-11-01,CUST628,FEMALE,19,Beauty,4,50,200,2023,11,1,November,Joven,200,0,Media,False
629,2023-06-12,CUST629,MALE,62,Electronics,2,25,50,2023,6,12,June,Mayor,50,0,Baja,False
630,2023-08-15,CUST630,MALE,42,Clothing,2,50,100,2023,8,15,August,Adulto,100,0,Baja,False
631,2023-11-10,CUST631,MALE,56,Electronics,3,30,90,2023,11,10,November,Mayor,90,0,Baja,False
632,2023-09-16,CUST632,FEMALE,26,Electronics,4,25,100,2023,9,16,September,Adulto,100,0,Baja,False
633,2023-08-07,CUST633,MALE,39,Beauty,4,30,120,2023,8,7,August,Adulto,120,0,Baja,False
634,2023-10-08,CUST634,MALE,60,Electronics,4,500,2000,2023,10,8,October,Mayor,2000,0,Alta,True
635,2023-08-17,CUST635,FEMALE,63,Electronics,3,300,900,2023,8,17,August,Mayor,900,0,Alta,True
636,2023-03-23,CUST636,FEMALE,21,Beauty,3,500,1500,2023,3,23,March,Joven,1500,0,Alta,True
637,2023-09-01,CUST637,MALE,43,Clothing,2,300,600,2023,9,1,September,Adulto,600,0,Media,False
638,2023-08-19,CUST638,MALE,46,Electronics,1,500,500,2023,8,19,August,Mayor,500,0,Media,False
639,2023-05-13,CUST639,FEMALE,62,Beauty,4,50,200,2023,5,13,May,Mayor,200,0,Media,False
640,2023-05-07,CUST640,FEMALE,51,Electronics,4,30,120,2023,5,7,May,Mayor,120,0,Baja,False
641,2023-11-23,CUST641,FEMALE,40,Electronics,1,300,300,2023,11,23,November,Adulto,300,0,Media,False
642,2023-05-22,CUST642,FEMALE,54,Clothing,4,25,100,2023,5,22,May,Mayor,100,0,Baja,False
643,2023-09-24,CUST643,FEMALE,28,Electronics,3,30,90,2023,9,24,September,Adulto,90,0,Baja,False
644,2023-09-06,CUST644,MALE,23,Beauty,3,25,75,2023,9,6,September,Joven,75,0,Baja,False
645,2023-11-17,CUST645,FEMALE,35,Electronics,4,30,120,2023,11,17,November,Adulto,120,0,Baja,False
646,2023-05-03,CUST646,MALE,38,Clothing,3,30,90,2023,5,3,May,Adulto,90,0,Baja,False
647,2023-05-21,CUST647,MALE,59,Clothing,3,500,1500,2023,5,21,May,Mayor,1500,0,Alta,True
648,2023-08-14,CUST648,MALE,53,Beauty,4,300,1200,2023,8,14,August,Mayor,1200,0,Alta,True
649,2023-02-09,CUST649,FEMALE,58,Clothing,2,300,600,2023,2,9,February,Mayor,600,0,Media,False
650,2024-01-01,CUST650,MALE,55,Electronics,1,30,30,2024,1,1,January,Mayor,30,0,Baja,False
651,2023-05-27,CUST651,MALE,51,Clothing,3,50,150,2023,5,27,May,Mayor,150,0,Baja,False
652,2023-05-01,CUST652,FEMALE,34,Beauty,2,50,100,2023,5,1,May,Adulto,100,0,Baja,False
653,2023-05-20,CUST653,MALE,54,Clothing,3,25,75,2023,5,20,May,Mayor,75,0,Baja,False
654,2023-06-21,CUST654,MALE,42,Clothing,3,25,75,2023,6,21,June,Adulto,75,0,Baja,False
655,2023-06-13,CUST655,FEMALE,55,Clothing,1,500,500,2023,6,13,June,Mayor,500,0,Media,False
656,2023-10-04,CUST656,MALE,29,Beauty,3,30,90,2023,10,4,October,Adulto,90,0,Baja,False
657,2023-02-11,CUST657,MALE,40,Clothing,1,25,25,2023,2,11,February,Adulto,25,0,Baja,False
658,2023-03-12,CUST658,MALE,59,Clothing,1,25,25,2023,3,12,March,Mayor,25,0,Baja,False
659,2023-03-19,CUST659,FEMALE,39,Electronics,1,30,30,2023,3,19,March,Adulto,30,0,Baja,False
660,2023-04-29,CUST660,FEMALE,38,Beauty,2,500,1000,2023,4,29,April,Adulto,1000,0,Alta,True
661,2023-07-16,CUST661,FEMALE,44,Clothing,4,25,100,2023,7,16,July,Adulto,100,0,Baja,False
662,2023-12-22,CUST662,MALE,48,Beauty,2,500,1000,2023,12,22,December,Mayor,1000,0,Alta,True
663,2023-03-20,CUST663,MALE,23,Clothing,4,300,1200,2023,3,20,March,Joven,1200,0,Alta,True
664,2023-12-28,CUST664,FEMALE,44,Clothing,4,500,2000,2023,12,28,December,Adulto,2000,0,Alta,True
665,2023-04-20,CUST665,MALE,57,Clothing,1,50,50,2023,4,20,April,Mayor,50,0,Baja,False
666,2023-02-02,CUST666,MALE,51,Electronics,3,50,150,2023,2,2,February,Mayor,150,0,Baja,False
667,2023-08-01,CUST667,FEMALE,29,Electronics,1,500,500,2023,8,1,August,Adulto,500,0,Media,False
668,2023-07-28,CUST668,FEMALE,62,Electronics,3,50,150,2023,7,28,July,Mayor,150,0,Baja,False
669,2023-06-19,CUST669,MALE,24,Beauty,4,300,1200,2023,6,19,June,Joven,1200,0,Alta,True
670,2023-10-05,CUST670,MALE,27,Beauty,1,30,30,2023,10,5,October,Adulto,30,0,Baja,False
671,2023-08-27,CUST671,MALE,62,Electronics,3,50,150,2023,8,27,August,Mayor,150,0,Baja,False
672,2023-08-01,CUST672,FEMALE,34,Beauty,2,50,100,2023,8,1,August,Adulto,100,0,Baja,False
673,2023-02-01,CUST673,FEMALE,43,Clothing,3,500,1500,2023,2,1,February,Adulto,1500,0,Alta,True
674,2023-04-16,CUST674,FEMALE,38,Clothing,1,300,300,2023,4,16,April,Adulto,300,0,Media,False
675,2023-08-04,CUST675,FEMALE,45,Clothing,2,30,60,2023,8,4,August,Mayor,60,0,Baja,False
676,2023-07-19,CUST676,MALE,63,Electronics,3,500,1500,2023,7,19,July,Mayor,1500,0,Alta,True
677,2023-10-27,CUST677,FEMALE,19,Beauty,3,500,1500,2023,10,27,October,Joven,1500,0,Alta,True
678,2023-12-23,CUST678,FEMALE,60,Electronics,3,300,900,2023,12,23,December,Mayor,900,0,Alta,True
679,2023-01-11,CUST679,FEMALE,18,Beauty,3,30,90,2023,1,11,January,Joven,90,0,Baja,False
680,2023-10-22,CUST680,FEMALE,53,Clothing,3,300,900,2023,10,22,October,Mayor,900,0,Alta,True
681,2023-07-14,CUST681,FEMALE,43,Electronics,2,30,60,2023,7,14,July,Adulto,60,0,Baja,False
682,2023-09-02,CUST682,MALE,46,Beauty,4,300,1200,2023,9,2,September,Mayor,1200,0,Alta,True
683,2023-01-04,CUST683,MALE,38,Beauty,2,500,1000,2023,1,4,January,Adulto,1000,0,Alta,True
684,2023-06-30,CUST684,FEMALE,28,Clothing,2,500,1000,2023,6,30,June,Adulto,1000,0,Alta,True
685,2023-06-02,CUST685,MALE,57,Electronics,2,25,50,2023,6,2,June,Mayor,50,0,Baja,False
686,2023-07-19,CUST686,FEMALE,28,Electronics,4,50,200,2023,7,19,July,Adulto,200,0,Media,False
687,2023-08-03,CUST687,FEMALE,53,Electronics,1,300,300,2023,8,3,August,Mayor,300,0,Media,False
688,2023-10-03,CUST688,MALE,56,Clothing,4,25,100,2023,10,3,October,Mayor,100,0,Baja,False
689,2023-10-07,CUST689,MALE,57,Electronics,2,50,100,2023,10,7,October,Mayor,100,0,Baja,False
690,2023-11-05,CUST690,FEMALE,52,Clothing,3,300,900,2023,11,5,November,Mayor,900,0,Alta,True
691,2023-04-23,CUST691,FEMALE,51,Clothing,3,30,90,2023,4,23,April,Mayor,90,0,Baja,False
692,2023-09-07,CUST692,FEMALE,64,Clothing,2,50,100,2023,9,7,September,Mayor,100,0,Baja,False
693,2023-04-23,CUST693,MALE,41,Beauty,3,500,1500,2023,4,23,April,Adulto,1500,0,Alta,True
694,2023-05-20,CUST694,FEMALE,39,Electronics,2,25,50,2023,5,20,May,Adulto,50,0,Baja,False
695,2023-08-12,CUST695,FEMALE,22,Electronics,3,50,150,2023,8,12,August,Joven,150,0,Baja,False
696,2023-09-06,CUST696,FEMALE,50,Clothing,4,50,200,2023,9,6,September,Mayor,200,0,Media,False
697,2023-01-15,CUST697,MALE,53,Clothing,1,500,500,2023,1,15,January,Mayor,500,0,Media,False
698,2023-07-19,CUST698,FEMALE,64,Electronics,1,300,300,2023,7,19,July,Mayor,300,0,Media,False
699,2023-06-22,CUST699,FEMALE,37,Clothing,4,30,120,2023,6,22,June,Adulto,120,0,Baja,False
700,2023-12-09,CUST700,MALE,36,Electronics,4,500,2000,2023,12,9,December,Adulto,2000,0,Alta,True
701,2023-12-14,CUST701,FEMALE,52,Beauty,2,30,60,2023,12,14,December,Mayor,60,0,Baja,False
702,2023-07-27,CUST702,FEMALE,60,Clothing,2,300,600,2023,7,27,July,Mayor,600,0,Media,False
703,2023-03-26,CUST703,MALE,34,Electronics,2,50,100,2023,3,26,March,Adulto,100,0,Baja,False
704,2023-08-28,CUST704,FEMALE,62,Clothing,3,30,90,2023,8,28,August,Mayor,90,0,Baja,False
705,2023-03-07,CUST705,MALE,60,Electronics,2,25,50,2023,3,7,March,Mayor,50,0,Baja,False
706,2023-11-15,CUST706,MALE,51,Electronics,4,25,100,2023,11,15,November,Mayor,100,0,Baja,False
707,2023-10-01,CUST707,FEMALE,26,Clothing,1,500,500,2023,10,1,October,Adulto,500,0,Media,False
708,2023-01-14,CUST708,FEMALE,43,Beauty,3,300,900,2023,1,14,January,Adulto,900,0,Alta,True
709,2023-07-21,CUST709,FEMALE,19,Electronics,2,500,1000,2023,7,21,July,Joven,1000,0,Alta,True
710,2023-10-31,CUST710,FEMALE,26,Electronics,3,500,1500,2023,10,31,October,Adulto,1500,0,Alta,True
711,2023-10-16,CUST711,MALE,26,Electronics,3,500,1500,2023,10,16,October,Adulto,1500,0,Alta,True
712,2023-12-06,CUST712,FEMALE,57,Beauty,2,25,50,2023,12,6,December,Mayor,50,0,Baja,False
713,2023-01-14,CUST713,MALE,34,Beauty,3,25,75,2023,1,14,January,Adulto,75,0,Baja,False
714,2023-02-12,CUST714,FEMALE,18,Clothing,1,500,500,2023,2,12,February,Joven,500,0,Media,False
715,2023-11-26,CUST715,FEMALE,42,Beauty,4,25,100,2023,11,26,November,Adulto,100,0,Baja,False
716,2023-08-08,CUST716,FEMALE,60,Clothing,4,300,1200,2023,8,8,August,Mayor,1200,0,Alta,True
717,2023-03-11,CUST717,MALE,57,Clothing,1,500,500,2023,3,11,March,Mayor,500,0,Media,False
718,2023-08-25,CUST718,FEMALE,59,Beauty,3,25,75,2023,8,25,August,Mayor,75,0,Baja,False
719,2023-04-04,CUST719,FEMALE,42,Clothing,2,30,60,2023,4,4,April,Adulto,60,0,Baja,False
720,2023-01-26,CUST720,FEMALE,56,Beauty,3,500,1500,2023,1,26,January,Mayor,1500,0,Alta,True
721,2023-05-14,CUST721,FEMALE,52,Clothing,1,500,500,2023,5,14,May,Mayor,500,0,Media,False
722,2023-07-14,CUST722,MALE,20,Beauty,3,300,900,2023,7,14,July,Joven,900,0,Alta,True
723,2023-06-17,CUST723,FEMALE,54,Beauty,4,50,200,2023,6,17,June,Mayor,200,0,Media,False
724,2023-04-19,CUST724,MALE,61,Clothing,3,50,150,2023,4,19,April,Mayor,150,0,Baja,False
725,2023-08-21,CUST725,MALE,61,Electronics,1,300,300,2023,8,21,August,Mayor,300,0,Media,False
726,2023-06-17,CUST726,MALE,47,Clothing,4,300,1200,2023,6,17,June,Mayor,1200,0,Alta,True
727,2023-06-22,CUST727,MALE,55,Beauty,3,300,900,2023,6,22,June,Mayor,900,0,Alta,True
728,2023-07-14,CUST728,MALE,51,Electronics,3,50,150,2023,7,14,July,Mayor,150,0,Baja,False
729,2023-05-23,CUST729,MALE,29,Clothing,4,300,1200,2023,5,23,May,Adulto,1200,0,Alta,True
730,2023-08-04,CUST730,FEMALE,36,Clothing,2,25,50,2023,8,4,August,Adulto,50,0,Baja,False
731,2023-05-10,CUST731,MALE,54,Clothing,4,500,2000,2023,5,10,May,Mayor,2000,0,Alta,True
732,2023-02-11,CUST732,MALE,61,Electronics,2,500,1000,2023,2,11,February,Mayor,1000,0,Alta,True
733,2023-08-29,CUST733,MALE,34,Beauty,1,30,30,2023,8,29,August,Adulto,30,0,Baja,False
734,2023-01-10,CUST734,FEMALE,27,Clothing,1,30,30,2023,1,10,January,Adulto,30,0,Baja,False
735,2023-10-04,CUST735,FEMALE,64,Clothing,4,500,2000,2023,10,4,October,Mayor,2000,0,Alta,True
736,2023-01-27,CUST736,MALE,29,Clothing,4,25,100,2023,1,27,January,Adulto,100,0,Baja,False
737,2023-06-29,CUST737,FEMALE,33,Clothing,1,50,50,2023,6,29,June,Adulto,50,0,Baja,False
738,2023-04-25,CUST738,MALE,41,Clothing,2,50,100,2023,4,25,April,Adulto,100,0,Baja,False
739,2023-11-29,CUST739,MALE,36,Beauty,1,25,25,2023,11,29,November,Adulto,25,0,Baja,False
740,2023-02-05,CUST740,FEMALE,25,Beauty,4,50,200,2023,2,5,February,Adulto,200,0,Media,False
741,2023-11-30,CUST741,MALE,48,Clothing,1,300,300,2023,11,30,November,Mayor,300,0,Media,False
742,2023-01-21,CUST742,FEMALE,38,Electronics,4,500,2000,2023,1,21,January,Adulto,2000,0,Alta,True
743,2023-01-16,CUST743,FEMALE,34,Beauty,4,500,2000,2023,1,16,January,Adulto,2000,0,Alta,True
744,2023-05-07,CUST744,MALE,40,Electronics,1,25,25,2023,5,7,May,Adulto,25,0,Baja,False
745,2023-04-13,CUST745,MALE,54,Beauty,2,50,100,2023,4,13,April,Mayor,100,0,Baja,False
746,2023-01-11,CUST746,FEMALE,33,Clothing,3,30,90,2023,1,11,January,Adulto,90,0,Baja,False
747,2023-11-15,CUST747,MALE,23,Beauty,1,30,30,2023,11,15,November,Joven,30,0,Baja,False
748,2023-03-20,CUST748,MALE,25,Clothing,3,50,150,2023,3,20,March,Adulto,150,0,Baja,False
749,2023-05-03,CUST749,MALE,42,Beauty,1,30,30,2023,5,3,May,Adulto,30,0,Baja,False
750,2023-03-06,CUST750,FEMALE,35,Clothing,3,25,75,2023,3,6,March,Adulto,75,0,Baja,False
751,2023-08-31,CUST751,FEMALE,42,Clothing,2,25,50,2023,8,31,August,Adulto,50,0,Baja,False
752,2023-12-09,CUST752,MALE,29,Clothing,2,50,100,2023,12,9,December,Adulto,100,0,Baja,False
753,2023-02-28,CUST753,FEMALE,32,Clothing,1,30,30,2023,2,28,February,Adulto,30,0,Baja,False
754,2023-10-16,CUST754,FEMALE,43,Electronics,4,25,100,2023,10,16,October,Adulto,100,0,Baja,False
755,2023-04-22,CUST755,FEMALE,58,Clothing,3,25,75,2023,4,22,April,Mayor,75,0,Baja,False
756,2023-08-27,CUST756,FEMALE,62,Electronics,4,300,1200,2023,8,27,August,Mayor,1200,0,Alta,True
757,2023-12-25,CUST757,FEMALE,43,Electronics,4,300,1200,2023,12,25,December,Adulto,1200,0,Alta,True
758,2023-05-12,CUST758,MALE,64,Clothing,4,25,100,2023,5,12,May,Mayor,100,0,Baja,False
759,2023-07-08,CUST759,MALE,49,Electronics,2,50,100,2023,7,8,July,Mayor,100,0,Baja,False
760,2023-03-27,CUST760,MALE,27,Beauty,1,500,500,2023,3,27,March,Adulto,500,0,Media,False
761,2023-11-07,CUST761,FEMALE,33,Clothing,1,500,500,2023,11,7,November,Adulto,500,0,Media,False
762,2023-11-07,CUST762,FEMALE,24,Electronics,2,25,50,2023,11,7,November,Joven,50,0,Baja,False
763,2023-02-28,CUST763,MALE,34,Clothing,2,25,50,2023,2,28,February,Adulto,50,0,Baja,False
764,2023-03-25,CUST764,FEMALE,40,Clothing,1,25,25,2023,3,25,March,Adulto,25,0,Baja,False
765,2023-06-09,CUST765,MALE,43,Clothing,4,50,200,2023,6,9,June,Adulto,200,0,Media,False
766,2023-02-25,CUST766,MALE,38,Electronics,3,300,900,2023,2,25,February,Adulto,900,0,Alta,True
767,2023-10-24,CUST767,MALE,39,Beauty,3,25,75,2023,10,24,October,Adulto,75,0,Baja,False
768,2023-01-14,CUST768,FEMALE,24,Beauty,3,25,75,2023,1,14,January,Joven,75,0,Baja,False
769,2023-06-09,CUST769,FEMALE,31,Electronics,4,30,120,2023,6,9,June,Adulto,120,0,Baja,False
770,2023-10-22,CUST770,MALE,32,Clothing,1,50,50,2023,10,22,October,Adulto,50,0,Baja,False
771,2023-12-13,CUST771,MALE,24,Electronics,2,25,50,2023,12,13,December,Joven,50,0,Baja,False
772,2023-07-12,CUST772,MALE,26,Electronics,1,30,30,2023,7,12,July,Adulto,30,0,Baja,False
773,2023-07-23,CUST773,MALE,25,Electronics,4,500,2000,2023,7,23,July,Adulto,2000,0,Alta,True
774,2023-04-12,CUST774,FEMALE,40,Clothing,2,25,50,2023,4,12,April,Adulto,50,0,Baja,False
775,2023-02-08,CUST775,FEMALE,46,Electronics,4,25,100,2023,2,8,February,Mayor,100,0,Baja,False
776,2023-10-31,CUST776,MALE,35,Clothing,3,30,90,2023,10,31,October,Adulto,90,0,Baja,False
777,2023-12-20,CUST777,MALE,48,Electronics,3,50,150,2023,12,20,December,Mayor,150,0,Baja,False
778,2023-11-18,CUST778,FEMALE,47,Beauty,4,25,100,2023,11,18,November,Mayor,100,0,Baja,False
779,2023-05-05,CUST779,FEMALE,56,Electronics,2,500,1000,2023,5,5,May,Mayor,1000,0,Alta,True
780,2023-02-22,CUST780,MALE,52,Electronics,2,25,50,2023,2,22,February,Mayor,50,0,Baja,False
781,2023-12-23,CUST781,MALE,35,Beauty,1,500,500,2023,12,23,December,Adulto,500,0,Media,False
782,2023-06-04,CUST782,MALE,59,Clothing,3,300,900,2023,6,4,June,Mayor,900,0,Alta,True
783,2023-12-17,CUST783,FEMALE,56,Clothing,1,300,300,2023,12,17,December,Mayor,300,0,Media,False
784,2023-11-04,CUST784,FEMALE,34,Electronics,1,500,500,2023,11,4,November,Adulto,500,0,Media,False
785,2023-03-03,CUST785,FEMALE,31,Beauty,4,50,200,2023,3,3,March,Adulto,200,0,Media,False
786,2023-10-17,CUST786,MALE,48,Clothing,4,25,100,2023,10,17,October,Mayor,100,0,Baja,False
787,2023-01-22,CUST787,MALE,41,Electronics,1,25,25,2023,1,22,January,Adulto,25,0,Baja,False
788,2023-06-27,CUST788,FEMALE,52,Beauty,3,300,900,2023,6,27,June,Mayor,900,0,Alta,True
789,2023-09-30,CUST789,FEMALE,61,Clothing,4,500,2000,2023,9,30,September,Mayor,2000,0,Alta,True
790,2023-08-08,CUST790,MALE,62,Clothing,1,25,25,2023,8,8,August,Mayor,25,0,Baja,False
791,2023-12-05,CUST791,FEMALE,51,Beauty,1,25,25,2023,12,5,December,Mayor,25,0,Baja,False
792,2023-07-09,CUST792,FEMALE,20,Beauty,1,50,50,2023,7,9,July,Joven,50,0,Baja,False
793,2023-02-05,CUST793,MALE,54,Beauty,1,30,30,2023,2,5,February,Mayor,30,0,Baja,False
794,2023-09-17,CUST794,FEMALE,60,Beauty,1,300,300,2023,9,17,September,Mayor,300,0,Media,False
795,2023-11-28,CUST795,MALE,57,Electronics,1,300,300,2023,11,28,November,Mayor,300,0,Media,False
796,2023-06-24,CUST796,MALE,43,Beauty,4,30,120,2023,6,24,June,Adulto,120,0,Baja,False
797,2023-01-07,CUST797,MALE,40,Clothing,3,25,75,2023,1,7,January,Adulto,75,0,Baja,False
798,2023-08-04,CUST798,MALE,61,Clothing,1,50,50,2023,8,4,August,Mayor,50,0,Baja,False
799,2023-09-08,CUST799,MALE,56,Electronics,2,50,100,2023,9,8,September,Mayor,100,0,Baja,False
800,2023-02-24,CUST800,MALE,32,Clothing,4,300,1200,2023,2,24,February,Adulto,1200,0,Alta,True
801,2023-08-10,CUST801,MALE,21,Clothing,4,50,200,2023,8,10,August,Joven,200,0,Media,False
802,2023-07-05,CUST802,FEMALE,46,Beauty,1,30,30,2023,7,5,July,Mayor,30,0,Baja,False
803,2023-11-22,CUST803,MALE,39,Clothing,4,25,100,2023,11,22,November,Adulto,100,0,Baja,False
804,2023-08-24,CUST804,MALE,42,Electronics,1,30,30,2023,8,24,August,Adulto,30,0,Baja,False
805,2023-12-29,CUST805,FEMALE,30,Beauty,3,500,1500,2023,12,29,December,Adulto,1500,0,Alta,True
806,2023-03-20,CUST806,FEMALE,35,Beauty,3,300,900,2023,3,20,March,Adulto,900,0,Alta,True
807,2023-08-11,CUST807,FEMALE,50,Electronics,4,50,200,2023,8,11,August,Mayor,200,0,Media,False
808,2023-04-01,CUST808,MALE,33,Beauty,4,500,2000,2023,4,1,April,Adulto,2000,0,Alta,True
809,2023-09-25,CUST809,FEMALE,62,Beauty,2,50,100,2023,9,25,September,Mayor,100,0,Baja,False
810,2023-11-30,CUST810,MALE,59,Electronics,4,25,100,2023,11,30,November,Mayor,100,0,Baja,False
811,2023-05-19,CUST811,MALE,61,Beauty,2,25,50,2023,5,19,May,Mayor,50,0,Baja,False
812,2023-11-12,CUST812,MALE,19,Electronics,3,25,75,2023,11,12,November,Joven,75,0,Baja,False
813,2023-10-03,CUST813,MALE,52,Electronics,3,50,150,2023,10,3,October,Mayor,150,0,Baja,False
814,2023-09-05,CUST814,FEMALE,59,Clothing,1,500,500,2023,9,5,September,Mayor,500,0,Media,False
815,2023-08-27,CUST815,FEMALE,51,Clothing,3,25,75,2023,8,27,August,Mayor,75,0,Baja,False
816,2023-08-12,CUST816,MALE,47,Beauty,2,500,1000,2023,8,12,August,Mayor,1000,0,Alta,True
817,2023-10-31,CUST817,MALE,30,Beauty,4,50,200,2023,10,31,October,Adulto,200,0,Media,False
818,2023-05-18,CUST818,MALE,30,Electronics,1,500,500,2023,5,18,May,Adulto,500,0,Media,False
819,2023-06-15,CUST819,FEMALE,35,Beauty,2,50,100,2023,6,15,June,Adulto,100,0,Baja,False
820,2023-05-06,CUST820,MALE,49,Electronics,4,50,200,2023,5,6,May,Mayor,200,0,Media,False
821,2023-02-14,CUST821,MALE,49,Electronics,1,300,300,2023,2,14,February,Mayor,300,0,Media,False
822,2023-05-23,CUST822,FEMALE,52,Beauty,3,50,150,2023,5,23,May,Mayor,150,0,Baja,False
823,2023-08-19,CUST823,FEMALE,56,Electronics,2,50,100,2023,8,19,August,Mayor,100,0,Baja,False
824,2023-05-05,CUST824,MALE,63,Clothing,4,30,120,2023,5,5,May,Mayor,120,0,Baja,False
825,2023-08-26,CUST825,FEMALE,46,Beauty,1,25,25,2023,8,26,August,Mayor,25,0,Baja,False
826,2023-10-19,CUST826,FEMALE,46,Clothing,1,300,300,2023,10,19,October,Mayor,300,0,Media,False
827,2023-11-09,CUST827,MALE,61,Beauty,3,300,900,2023,11,9,November,Mayor,900,0,Alta,True
828,2023-12-09,CUST828,FEMALE,33,Electronics,4,300,1200,2023,12,9,December,Adulto,1200,0,Alta,True
829,2023-07-14,CUST829,MALE,61,Beauty,3,30,90,2023,7,14,July,Mayor,90,0,Baja,False
830,2023-06-22,CUST830,FEMALE,64,Clothing,3,50,150,2023,6,22,June,Mayor,150,0,Baja,False
831,2023-01-15,CUST831,MALE,27,Electronics,4,25,100,2023,1,15,January,Adulto,100,0,Baja,False
832,2023-09-11,CUST832,MALE,47,Beauty,4,500,2000,2023,9,11,September,Mayor,2000,0,Alta,True
833,2023-06-16,CUST833,MALE,42,Beauty,4,50,200,2023,6,16,June,Adulto,200,0,Media,False
834,2023-04-04,CUST834,FEMALE,56,Beauty,2,30,60,2023,4,4,April,Mayor,60,0,Baja,False
835,2023-09-07,CUST835,MALE,37,Clothing,4,50,200,2023,9,7,September,Adulto,200,0,Media,False
836,2023-04-19,CUST836,FEMALE,22,Clothing,1,50,50,2023,4,19,April,Joven,50,0,Baja,False
837,2023-07-01,CUST837,MALE,18,Beauty,3,30,90,2023,7,1,July,Joven,90,0,Baja,False
838,2023-05-13,CUST838,MALE,47,Electronics,2,300,600,2023,5,13,May,Mayor,600,0,Media,False
839,2023-06-24,CUST839,FEMALE,20,Electronics,4,300,1200,2023,6,24,June,Joven,1200,0,Alta,True
840,2023-05-24,CUST840,MALE,62,Clothing,2,25,50,2023,5,24,May,Mayor,50,0,Baja,False
841,2023-11-02,CUST841,MALE,31,Electronics,4,25,100,2023,11,2,November,Adulto,100,0,Baja,False
842,2023-12-26,CUST842,FEMALE,47,Clothing,2,300,600,2023,12,26,December,Mayor,600,0,Media,False
843,2023-05-22,CUST843,MALE,21,Beauty,3,500,1500,2023,5,22,May,Joven,1500,0,Alta,True
844,2023-10-12,CUST844,MALE,35,Clothing,3,50,150,2023,10,12,October,Adulto,150,0,Baja,False
845,2023-01-06,CUST845,MALE,54,Clothing,1,500,500,2023,1,6,January,Mayor,500,0,Media,False
846,2023-09-22,CUST846,MALE,42,Beauty,1,50,50,2023,9,22,September,Adulto,50,0,Baja,False
847,2023-04-08,CUST847,FEMALE,18,Electronics,4,300,1200,2023,4,8,April,Joven,1200,0,Alta,True
848,2023-02-13,CUST848,FEMALE,63,Clothing,3,25,75,2023,2,13,February,Mayor,75,0,Baja,False
849,2023-05-04,CUST849,MALE,32,Clothing,2,25,50,2023,5,4,May,Adulto,50,0,Baja,False
850,2023-07-28,CUST850,FEMALE,26,Beauty,2,500,1000,2023,7,28,July,Adulto,1000,0,Alta,True
851,2023-09-08,CUST851,MALE,32,Electronics,2,25,50,2023,9,8,September,Adulto,50,0,Baja,False
852,2023-10-12,CUST852,FEMALE,41,Clothing,1,300,300,2023,10,12,October,Adulto,300,0,Media,False
853,2023-05-04,CUST853,MALE,21,Beauty,2,500,1000,2023,5,4,May,Joven,1000,0,Alta,True
854,2023-12-20,CUST854,MALE,29,Clothing,1,50,50,2023,12,20,December,Adulto,50,0,Baja,False
855,2023-09-01,CUST855,MALE,54,Beauty,1,25,25,2023,9,1,September,Mayor,25,0,Baja,False
856,2023-11-27,CUST856,MALE,54,Electronics,4,30,120,2023,11,27,November,Mayor,120,0,Baja,False
857,2023-12-31,CUST857,MALE,60,Electronics,2,25,50,2023,12,31,December,Mayor,50,0,Baja,False
858,2023-09-09,CUST858,MALE,23,Electronics,2,50,100,2023,9,9,September,Joven,100,0,Baja,False
859,2023-08-18,CUST859,FEMALE,56,Electronics,3,500,1500,2023,8,18,August,Mayor,1500,0,Alta,True
860,2023-01-09,CUST860,MALE,63,Clothing,4,50,200,2023,1,9,January,Mayor,200,0,Media,False
861,2023-02-17,CUST861,FEMALE,41,Clothing,3,30,90,2023,2,17,February,Adulto,90,0,Baja,False
862,2023-05-31,CUST862,MALE,28,Electronics,4,300,1200,2023,5,31,May,Adulto,1200,0,Alta,True
863,2023-04-24,CUST863,FEMALE,30,Electronics,2,25,50,2023,4,24,April,Adulto,50,0,Baja,False
864,2023-07-27,CUST864,FEMALE,51,Electronics,1,500,500,2023,7,27,July,Mayor,500,0,Media,False
865,2023-12-21,CUST865,FEMALE,42,Clothing,1,300,300,2023,12,21,December,Adulto,300,0,Media,False
866,2023-05-05,CUST866,MALE,24,Electronics,1,50,50,2023,5,5,May,Joven,50,0,Baja,False
867,2023-06-06,CUST867,MALE,21,Electronics,1,500,500,2023,6,6,June,Joven,500,0,Media,False
868,2023-12-06,CUST868,FEMALE,25,Electronics,1,300,300,2023,12,6,December,Adulto,300,0,Media,False
869,2023-10-25,CUST869,MALE,37,Beauty,3,500,1500,2023,10,25,October,Adulto,1500,0,Alta,True
870,2023-07-08,CUST870,FEMALE,46,Electronics,4,30,120,2023,7,8,July,Mayor,120,0,Baja,False
871,2023-08-31,CUST871,MALE,62,Beauty,2,30,60,2023,8,31,August,Mayor,60,0,Baja,False
872,2023-10-11,CUST872,FEMALE,63,Beauty,3,25,75,2023,10,11,October,Mayor,75,0,Baja,False
873,2023-09-29,CUST873,FEMALE,27,Electronics,4,25,100,2023,9,29,September,Adulto,100,0,Baja,False
874,2023-06-26,CUST874,MALE,60,Beauty,1,30,30,2023,6,26,June,Mayor,30,0,Baja,False
875,2023-08-06,CUST875,FEMALE,51,Electronics,4,500,2000,2023,8,6,August,Mayor,2000,0,Alta,True
876,2023-10-09,CUST876,MALE,43,Clothing,4,30,120,2023,10,9,October,Adulto,120,0,Baja,False
877,2023-06-19,CUST877,FEMALE,58,Clothing,1,25,25,2023,6,19,June,Mayor,25,0,Baja,False
878,2023-06-30,CUST878,FEMALE,20,Clothing,1,30,30,2023,6,30,June,Joven,30,0,Baja,False
879,2023-12-26,CUST879,MALE,23,Clothing,1,30,30,2023,12,26,December,Joven,30,0,Baja,False
880,2023-08-21,CUST880,MALE,22,Beauty,2,500,1000,2023,8,21,August,Joven,1000,0,Alta,True
881,2023-05-19,CUST881,MALE,22,Electronics,1,300,300,2023,5,19,May,Joven,300,0,Media,False
882,2023-06-06,CUST882,FEMALE,64,Electronics,2,25,50,2023,6,6,June,Mayor,50,0,Baja,False
883,2023-05-09,CUST883,MALE,40,Electronics,1,500,500,2023,5,9,May,Adulto,500,0,Media,False
884,2023-04-29,CUST884,FEMALE,26,Clothing,2,30,60,2023,4,29,April,Adulto,60,0,Baja,False
885,2023-03-03,CUST885,FEMALE,52,Clothing,4,30,120,2023,3,3,March,Mayor,120,0,Baja,False
886,2023-04-09,CUST886,MALE,37,Electronics,3,300,900,2023,4,9,April,Adulto,900,0,Alta,True
887,2023-06-11,CUST887,MALE,59,Clothing,4,25,100,2023,6,11,June,Mayor,100,0,Baja,False
888,2023-03-03,CUST888,FEMALE,52,Electronics,4,25,100,2023,3,3,March,Mayor,100,0,Baja,False
889,2023-10-02,CUST889,FEMALE,35,Electronics,1,50,50,2023,10,2,October,Adulto,50,0,Baja,False
890,2023-12-20,CUST890,MALE,34,Electronics,2,25,50,2023,12,20,December,Adulto,50,0,Baja,False
891,2023-04-05,CUST891,MALE,41,Electronics,3,300,900,2023,4,5,April,Adulto,900,0,Alta,True
892,2023-04-09,CUST892,MALE,20,Electronics,1,50,50,2023,4,9,April,Joven,50,0,Baja,False
893,2023-04-21,CUST893,MALE,49,Electronics,1,50,50,2023,4,21,April,Mayor,50,0,Baja,False
894,2023-09-05,CUST894,MALE,52,Electronics,1,30,30,2023,9,5,September,Mayor,30,0,Baja,False
895,2023-05-22,CUST895,FEMALE,55,Clothing,4,30,120,2023,5,22,May,Mayor,120,0,Baja,False
896,2023-10-29,CUST896,FEMALE,30,Electronics,2,25,50,2023,10,29,October,Adulto,50,0,Baja,False
897,2023-09-26,CUST897,FEMALE,64,Electronics,2,50,100,2023,9,26,September,Mayor,100,0,Baja,False
898,2023-11-02,CUST898,FEMALE,42,Clothing,3,30,90,2023,11,2,November,Adulto,90,0,Baja,False
899,2023-05-25,CUST899,MALE,26,Clothing,2,300,600,2023,5,25,May,Adulto,600,0,Media,False
900,2023-02-21,CUST900,MALE,21,Clothing,2,30,60,2023,2,21,February,Joven,60,0,Baja,False
901,2023-04-10,CUST901,MALE,31,Electronics,1,30,30,2023,4,10,April,Adulto,30,0,Baja,False
902,2023-06-01,CUST902,FEMALE,54,Beauty,1,50,50,2023,6,1,June,Mayor,50,0,Baja,False
903,2023-04-27,CUST903,FEMALE,51,Beauty,4,50,200,2023,4,27,April,Mayor,200,0,Media,False
904,2023-07-04,CUST904,MALE,28,Clothing,1,500,500,2023,7,4,July,Adulto,500,0,Media,False
905,2023-04-02,CUST905,MALE,58,Beauty,1,300,300,2023,4,2,April,Mayor,300,0,Media,False
906,2023-06-04,CUST906,FEMALE,20,Clothing,1,50,50,2023,6,4,June,Joven,50,0,Baja,False
907,2023-01-08,CUST907,FEMALE,45,Electronics,1,25,25,2023,1,8,January,Mayor,25,0,Baja,False
908,2023-12-29,CUST908,MALE,46,Beauty,4,300,1200,2023,12,29,December,Mayor,1200,0,Alta,True
909,2023-10-01,CUST909,MALE,26,Electronics,1,300,300,2023,10,1,October,Adulto,300,0,Media,False
910,2023-03-06,CUST910,FEMALE,20,Beauty,3,50,150,2023,3,6,March,Joven,150,0,Baja,False
911,2023-05-21,CUST911,MALE,42,Electronics,3,300,900,2023,5,21,May,Adulto,900,0,Alta,True
912,2023-01-24,CUST912,MALE,51,Beauty,3,50,150,2023,1,24,January,Mayor,150,0,Baja,False
913,2023-01-28,CUST913,MALE,29,Electronics,3,30,90,2023,1,28,January,Adulto,90,0,Baja,False
914,2023-10-11,CUST914,FEMALE,59,Electronics,1,500,500,2023,10,11,October,Mayor,500,0,Media,False
915,2023-05-30,CUST915,FEMALE,26,Beauty,3,30,90,2023,5,30,May,Adulto,90,0,Baja,False
916,2023-12-24,CUST916,FEMALE,32,Electronics,1,50,50,2023,12,24,December,Adulto,50,0,Baja,False
917,2023-03-06,CUST917,FEMALE,57,Electronics,4,50,200,2023,3,6,March,Mayor,200,0,Media,False
918,2023-11-23,CUST918,FEMALE,42,Electronics,3,30,90,2023,11,23,November,Adulto,90,0,Baja,False
919,2023-09-09,CUST919,FEMALE,22,Beauty,2,25,50,2023,9,9,September,Joven,50,0,Baja,False
920,2023-02-22,CUST920,FEMALE,28,Beauty,3,25,75,2023,2,22,February,Adulto,75,0,Baja,False
921,2023-01-07,CUST921,MALE,51,Electronics,3,25,75,2023,1,7,January,Mayor,75,0,Baja,False
922,2023-10-21,CUST922,MALE,41,Electronics,1,50,50,2023,10,21,October,Adulto,50,0,Baja,False
923,2023-05-26,CUST923,MALE,32,Beauty,3,300,900,2023,5,26,May,Adulto,900,0,Alta,True
924,2023-08-29,CUST924,MALE,55,Beauty,2,50,100,2023,8,29,August,Mayor,100,0,Baja,False
925,2023-09-03,CUST925,MALE,25,Electronics,1,300,300,2023,9,3,September,Adulto,300,0,Media,False
926,2023-08-14,CUST926,MALE,22,Electronics,1,30,30,2023,8,14,August,Joven,30,0,Baja,False
927,2023-06-24,CUST927,MALE,43,Electronics,4,500,2000,2023,6,24,June,Adulto,2000,0,Alta,True
928,2023-04-05,CUST928,FEMALE,35,Clothing,4,300,1200,2023,4,5,April,Adulto,1200,0,Alta,True
929,2023-01-27,CUST929,FEMALE,23,Beauty,3,25,75,2023,1,27,January,Joven,75,0,Baja,False
930,2023-05-10,CUST930,MALE,54,Clothing,4,50,200,2023,5,10,May,Mayor,200,0,Media,False
931,2023-09-02,CUST931,MALE,30,Beauty,4,30,120,2023,9,2,September,Adulto,120,0,Baja,False
932,2023-02-28,CUST932,FEMALE,45,Beauty,4,25,100,2023,2,28,February,Mayor,100,0,Baja,False
933,2023-02-03,CUST933,MALE,22,Beauty,1,30,30,2023,2,3,February,Joven,30,0,Baja,False
934,2023-07-25,CUST934,MALE,30,Beauty,1,500,500,2023,7,25,July,Adulto,500,0,Media,False
935,2023-09-09,CUST935,FEMALE,34,Beauty,1,50,50,2023,9,9,September,Adulto,50,0,Baja,False
936,2023-02-07,CUST936,MALE,57,Beauty,4,50,200,2023,2,7,February,Mayor,200,0,Media,False
937,2023-10-23,CUST937,FEMALE,62,Beauty,1,500,500,2023,10,23,October,Mayor,500,0,Media,False
938,2023-11-19,CUST938,MALE,49,Clothing,4,50,200,2023,11,19,November,Mayor,200,0,Media,False
939,2023-12-18,CUST939,FEMALE,46,Electronics,1,300,300,2023,12,18,December,Mayor,300,0,Media,False
940,2023-01-28,CUST940,FEMALE,20,Electronics,1,30,30,2023,1,28,January,Joven,30,0,Baja,False
941,2023-03-19,CUST941,FEMALE,57,Clothing,2,25,50,2023,3,19,March,Mayor,50,0,Baja,False
942,2023-03-18,CUST942,MALE,51,Clothing,3,500,1500,2023,3,18,March,Mayor,1500,0,Alta,True
943,2023-10-16,CUST943,FEMALE,57,Clothing,4,300,1200,2023,10,16,October,Mayor,1200,0,Alta,True
944,2023-06-05,CUST944,MALE,44,Clothing,2,25,50,2023,6,5,June,Adulto,50,0,Baja,False
945,2023-02-13,CUST945,MALE,30,Beauty,1,25,25,2023,2,13,February,Adulto,25,0,Baja,False
946,2023-05-08,CUST946,MALE,62,Electronics,4,500,2000,2023,5,8,May,Mayor,2000,0,Alta,True
947,2023-03-02,CUST947,MALE,50,Beauty,1,300,300,2023,3,2,March,Mayor,300,0,Media,False
948,2023-10-13,CUST948,FEMALE,23,Electronics,3,25,75,2023,10,13,October,Joven,75,0,Baja,False
949,2023-08-02,CUST949,FEMALE,41,Electronics,2,25,50,2023,8,2,August,Adulto,50,0,Baja,False
950,2023-11-07,CUST950,MALE,36,Clothing,3,300,900,2023,11,7,November,Adulto,900,0,Alta,True
951,2023-11-02,CUST951,MALE,33,Beauty,2,50,100,2023,11,2,November,Adulto,100,0,Baja,False
952,2023-11-13,CUST952,FEMALE,57,Clothing,1,25,25,2023,11,13,November,Mayor,25,0,Baja,False
953,2023-04-26,CUST953,MALE,45,Beauty,3,30,90,2023,4,26,April,Mayor,90,0,Baja,False
954,2023-09-25,CUST954,FEMALE,50,Electronics,3,300,900,2023,9,25,September,Mayor,900,0,Alta,True
955,2023-07-14,CUST955,MALE,58,Clothing,1,25,25,2023,7,14,July,Mayor,25,0,Baja,False
956,2023-08-19,CUST956,MALE,30,Clothing,3,500,1500,2023,8,19,August,Adulto,1500,0,Alta,True
957,2023-08-15,CUST957,FEMALE,60,Electronics,4,30,120,2023,8,15,August,Mayor,120,0,Baja,False
958,2023-06-02,CUST958,MALE,62,Electronics,2,25,50,2023,6,2,June,Mayor,50,0,Baja,False
959,2023-10-29,CUST959,FEMALE,42,Electronics,2,30,60,2023,10,29,October,Adulto,60,0,Baja,False
960,2023-08-08,CUST960,MALE,59,Clothing,2,30,60,2023,8,8,August,Mayor,60,0,Baja,False
961,2023-06-06,CUST961,MALE,53,Beauty,4,50,200,2023,6,6,June,Mayor,200,0,Media,False
962,2023-10-19,CUST962,MALE,44,Clothing,2,30,60,2023,10,19,October,Adulto,60,0,Baja,False
963,2023-11-14,CUST963,FEMALE,55,Beauty,1,50,50,2023,11,14,November,Mayor,50,0,Baja,False
964,2023-01-31,CUST964,MALE,24,Clothing,3,300,900,2023,1,31,January,Joven,900,0,Alta,True
965,2023-11-09,CUST965,MALE,22,Clothing,4,50,200,2023,11,9,November,Joven,200,0,Media,False
966,2023-02-20,CUST966,MALE,60,Electronics,2,500,1000,2023,2,20,February,Mayor,1000,0,Alta,True
967,2023-04-17,CUST967,MALE,62,Beauty,1,25,25,2023,4,17,April,Mayor,25,0,Baja,False
968,2023-11-17,CUST968,FEMALE,48,Clothing,3,300,900,2023,11,17,November,Mayor,900,0,Alta,True
969,2023-04-19,CUST969,FEMALE,40,Clothing,3,300,900,2023,4,19,April,Adulto,900,0,Alta,True
970,2023-05-16,CUST970,MALE,59,Electronics,4,500,2000,2023,5,16,May,Mayor,2000,0,Alta,True
971,2023-12-05,CUST971,FEMALE,27,Electronics,4,50,200,2023,12,5,December,Adulto,200,0,Media,False
972,2023-02-11,CUST972,MALE,49,Beauty,4,25,100,2023,2,11,February,Mayor,100,0,Baja,False
973,2023-03-22,CUST973,MALE,60,Clothing,1,50,50,2023,3,22,March,Mayor,50,0,Baja,False
974,2023-05-03,CUST974,MALE,47,Beauty,1,30,30,2023,5,3,May,Mayor,30,0,Baja,False
975,2023-03-30,CUST975,FEMALE,56,Clothing,4,50,200,2023,3,30,March,Mayor,200,0,Media,False
976,2023-10-10,CUST976,FEMALE,48,Beauty,2,300,600,2023,10,10,October,Mayor,600,0,Media,False
977,2023-02-08,CUST977,FEMALE,35,Electronics,3,25,75,2023,2,8,February,Adulto,75,0,Baja,False
978,2023-03-22,CUST978,FEMALE,53,Clothing,3,50,150,2023,3,22,March,Mayor,150,0,Baja,False
979,2023-01-02,CUST979,FEMALE,19,Beauty,1,25,25,2023,1,2,January,Joven,25,0,Baja,False
980,2023-07-29,CUST980,FEMALE,31,Electronics,3,25,75,2023,7,29,July,Adulto,75,0,Baja,False
981,2023-08-19,CUST981,FEMALE,30,Electronics,2,30,60,2023,8,19,August,Adulto,60,0,Baja,False
982,2023-12-19,CUST982,FEMALE,46,Beauty,3,30,90,2023,12,19,December,Mayor,90,0,Baja,False
983,2023-11-01,CUST983,FEMALE,29,Clothing,1,300,300,2023,11,1,November,Adulto,300,0,Media,False
984,2023-08-29,CUST984,MALE,56,Clothing,1,500,500,2023,8,29,August,Mayor,500,0,Media,False
985,2023-05-30,CUST985,FEMALE,19,Electronics,2,25,50,2023,5,30,May,Joven,50,0,Baja,False
986,2023-01-17,CUST986,FEMALE,49,Clothing,2,500,1000,2023,1,17,January,Mayor,1000,0,Alta,True
987,2023-04-29,CUST987,FEMALE,30,Clothing,3,300,900,2023,4,29,April,Adulto,900,0,Alta,True
988,2023-05-28,CUST988,FEMALE,63,Clothing,3,25,75,2023,5,28,May,Mayor,75,0,Baja,False
989,2023-12-28,CUST989,FEMALE,44,Electronics,1,25,25,2023,12,28,December,Adulto,25,0,Baja,False
990,2023-05-25,CUST990,FEMALE,58,Beauty,2,500,1000,2023,5,25,May,Mayor,1000,0,Alta,True
991,2023-12-26,CUST991,FEMALE,34,Clothing,2,50,100,2023,12,26,December,Adulto,100,0,Baja,False
992,2023-08-21,CUST992,FEMALE,57,Electronics,2,30,60,2023,8,21,August,Mayor,60,0,Baja,False
993,2023-02-06,CUST993,FEMALE,48,Electronics,3,50,150,2023,2,6,February,Mayor,150,0,Baja,False
994,2023-12-18,CUST994,FEMALE,51,Beauty,2,500,1000,2023,12,18,December,Mayor,1000,0,Alta,True
995,2023-04-30,CUST995,FEMALE,41,Clothing,1,30,30,2023,4,30,April,Adulto,30,0,Baja,False
996,2023-05-16,CUST996,MALE,62,Clothing,1,50,50,2023,5,16,May,Mayor,50,0,Baja,False
997,2023-11-17,CUST997,MALE,52,Beauty,3,30,90,2023,11,17,November,Mayor,90,0,Baja,False
998,2023-10-29,CUST998,FEMALE,23,Beauty,4,25,100,2023,10,29,October,Joven,100,0,Baja,False
999,2023-12-05,CUST999,FEMALE,36,Electronics,3,50,150,2023,12,5,December,Adulto,150,0,Baja,False
1000,2023-04-12,CUST1000,MALE,47,Electronics,4,30,120,2023,4,12,April,Mayor,120,0,Baja,False
